[{"pk": 22, "model": "auth.permission", "fields": {"codename": "add_logentry", "name": "Can add log entry", "content_type": 8}}, {"pk": 23, "model": "auth.permission", "fields": {"codename": "change_logentry", "name": "Can change log entry", "content_type": 8}}, {"pk": 24, "model": "auth.permission", "fields": {"codename": "delete_logentry", "name": "Can delete log entry", "content_type": 8}}, {"pk": 4, "model": "auth.permission", "fields": {"codename": "add_group", "name": "Can add group", "content_type": 2}}, {"pk": 10, "model": "auth.permission", "fields": {"codename": "add_message", "name": "Can add message", "content_type": 4}}, {"pk": 25, "model": "auth.permission", "fields": {"codename": "add_myuser", "name": "Can add my user", "content_type": 3}}, {"pk": 1, "model": "auth.permission", "fields": {"codename": "add_permission", "name": "Can add permission", "content_type": 1}}, {"pk": 7, "model": "auth.permission", "fields": {"codename": "add_user", "name": "Can add user", "content_type": 3}}, {"pk": 5, "model": "auth.permission", "fields": {"codename": "change_group", "name": "Can change group", "content_type": 2}}, {"pk": 11, "model": "auth.permission", "fields": {"codename": "change_message", "name": "Can change message", "content_type": 4}}, {"pk": 26, "model": "auth.permission", "fields": {"codename": "change_myuser", "name": "Can change my user", "content_type": 3}}, {"pk": 2, "model": "auth.permission", "fields": {"codename": "change_permission", "name": "Can change permission", "content_type": 1}}, {"pk": 8, "model": "auth.permission", "fields": {"codename": "change_user", "name": "Can change user", "content_type": 3}}, {"pk": 6, "model": "auth.permission", "fields": {"codename": "delete_group", "name": "Can delete group", "content_type": 2}}, {"pk": 12, "model": "auth.permission", "fields": {"codename": "delete_message", "name": "Can delete message", "content_type": 4}}, {"pk": 27, "model": "auth.permission", "fields": {"codename": "delete_myuser", "name": "Can delete my user", "content_type": 3}}, {"pk": 3, "model": "auth.permission", "fields": {"codename": "delete_permission", "name": "Can delete permission", "content_type": 1}}, {"pk": 9, "model": "auth.permission", "fields": {"codename": "delete_user", "name": "Can delete user", "content_type": 3}}, {"pk": 13, "model": "auth.permission", "fields": {"codename": "add_contenttype", "name": "Can add content type", "content_type": 5}}, {"pk": 14, "model": "auth.permission", "fields": {"codename": "change_contenttype", "name": "Can change content type", "content_type": 5}}, {"pk": 15, "model": "auth.permission", "fields": {"codename": "delete_contenttype", "name": "Can delete content type", "content_type": 5}}, {"pk": 46, "model": "auth.permission", "fields": {"codename": "add_address", "name": "Can add \u0430\u0434\u0440\u0435\u0441", "content_type": 15}}, {"pk": 28, "model": "auth.permission", "fields": {"codename": "add_civilequivalent", "name": "Can add \u044d\u043a\u0432\u0438\u0432\u0430\u043b\u0435\u043d\u0442 \u0432 \u0433\u0440\u0430\u0436\u0434\u0430\u043d\u0441\u043a\u043e\u043c \u043d\u0430\u043f\u0438\u0441\u0430\u043d\u0438\u0438", "content_type": 9}}, {"pk": 31, "model": "auth.permission", "fields": {"codename": "add_entry", "name": "Can add \u0441\u043b\u043e\u0432\u0430\u0440\u043d\u0430\u044f \u0441\u0442\u0430\u0442\u044c\u044f", "content_type": 10}}, {"pk": 37, "model": "auth.permission", "fields": {"codename": "add_etymology", "name": "Can add \u044d\u0442\u0438\u043c\u043e\u043b\u043e\u0433\u0438\u044f \u0441\u043b\u043e\u0432\u0430", "content_type": 12}}, {"pk": 49, "model": "auth.permission", "fields": {"codename": "add_example", "name": "Can add \u043f\u0440\u0438\u043c\u0435\u0440", "content_type": 16}}, {"pk": 43, "model": "auth.permission", "fields": {"codename": "add_meaning", "name": "Can add \u0437\u043d\u0430\u0447\u0435\u043d\u0438\u0435", "content_type": 14}}, {"pk": 34, "model": "auth.permission", "fields": {"codename": "add_orthographicvariant", "name": "Can add \u043e\u0440\u0444\u043e\u0433\u0440\u0430\u0444\u0438\u0447\u0435\u0441\u043a\u0438\u0439 \u0432\u0430\u0440\u0438\u0430\u043d\u0442", "content_type": 11}}, {"pk": 55, "model": "auth.permission", "fields": {"codename": "add_phraseologicalunit", "name": "Can add phraseological unit", "content_type": 18}}, {"pk": 40, "model": "auth.permission", "fields": {"codename": "add_propernoun", "name": "Can add \u0438\u043c\u044f \u0441\u043e\u0431\u0441\u0442\u0432\u0435\u043d\u043d\u043e\u0435", "content_type": 13}}, {"pk": 52, "model": "auth.permission", "fields": {"codename": "add_synonymgroup", "name": "Can add \u0433\u0440\u0443\u043f\u043f\u0430 \u0441\u0438\u043d\u043e\u043d\u0438\u043c\u043e\u0432", "content_type": 17}}, {"pk": 47, "model": "auth.permission", "fields": {"codename": "change_address", "name": "Can change \u0430\u0434\u0440\u0435\u0441", "content_type": 15}}, {"pk": 29, "model": "auth.permission", "fields": {"codename": "change_civilequivalent", "name": "Can change \u044d\u043a\u0432\u0438\u0432\u0430\u043b\u0435\u043d\u0442 \u0432 \u0433\u0440\u0430\u0436\u0434\u0430\u043d\u0441\u043a\u043e\u043c \u043d\u0430\u043f\u0438\u0441\u0430\u043d\u0438\u0438", "content_type": 9}}, {"pk": 32, "model": "auth.permission", "fields": {"codename": "change_entry", "name": "Can change \u0441\u043b\u043e\u0432\u0430\u0440\u043d\u0430\u044f \u0441\u0442\u0430\u0442\u044c\u044f", "content_type": 10}}, {"pk": 38, "model": "auth.permission", "fields": {"codename": "change_etymology", "name": "Can change \u044d\u0442\u0438\u043c\u043e\u043b\u043e\u0433\u0438\u044f \u0441\u043b\u043e\u0432\u0430", "content_type": 12}}, {"pk": 50, "model": "auth.permission", "fields": {"codename": "change_example", "name": "Can change \u043f\u0440\u0438\u043c\u0435\u0440", "content_type": 16}}, {"pk": 44, "model": "auth.permission", "fields": {"codename": "change_meaning", "name": "Can change \u0437\u043d\u0430\u0447\u0435\u043d\u0438\u0435", "content_type": 14}}, {"pk": 35, "model": "auth.permission", "fields": {"codename": "change_orthographicvariant", "name": "Can change \u043e\u0440\u0444\u043e\u0433\u0440\u0430\u0444\u0438\u0447\u0435\u0441\u043a\u0438\u0439 \u0432\u0430\u0440\u0438\u0430\u043d\u0442", "content_type": 11}}, {"pk": 56, "model": "auth.permission", "fields": {"codename": "change_phraseologicalunit", "name": "Can change phraseological unit", "content_type": 18}}, {"pk": 41, "model": "auth.permission", "fields": {"codename": "change_propernoun", "name": "Can change \u0438\u043c\u044f \u0441\u043e\u0431\u0441\u0442\u0432\u0435\u043d\u043d\u043e\u0435", "content_type": 13}}, {"pk": 53, "model": "auth.permission", "fields": {"codename": "change_synonymgroup", "name": "Can change \u0433\u0440\u0443\u043f\u043f\u0430 \u0441\u0438\u043d\u043e\u043d\u0438\u043c\u043e\u0432", "content_type": 17}}, {"pk": 48, "model": "auth.permission", "fields": {"codename": "delete_address", "name": "Can delete \u0430\u0434\u0440\u0435\u0441", "content_type": 15}}, {"pk": 30, "model": "auth.permission", "fields": {"codename": "delete_civilequivalent", "name": "Can delete \u044d\u043a\u0432\u0438\u0432\u0430\u043b\u0435\u043d\u0442 \u0432 \u0433\u0440\u0430\u0436\u0434\u0430\u043d\u0441\u043a\u043e\u043c \u043d\u0430\u043f\u0438\u0441\u0430\u043d\u0438\u0438", "content_type": 9}}, {"pk": 33, "model": "auth.permission", "fields": {"codename": "delete_entry", "name": "Can delete \u0441\u043b\u043e\u0432\u0430\u0440\u043d\u0430\u044f \u0441\u0442\u0430\u0442\u044c\u044f", "content_type": 10}}, {"pk": 39, "model": "auth.permission", "fields": {"codename": "delete_etymology", "name": "Can delete \u044d\u0442\u0438\u043c\u043e\u043b\u043e\u0433\u0438\u044f \u0441\u043b\u043e\u0432\u0430", "content_type": 12}}, {"pk": 51, "model": "auth.permission", "fields": {"codename": "delete_example", "name": "Can delete \u043f\u0440\u0438\u043c\u0435\u0440", "content_type": 16}}, {"pk": 45, "model": "auth.permission", "fields": {"codename": "delete_meaning", "name": "Can delete \u0437\u043d\u0430\u0447\u0435\u043d\u0438\u0435", "content_type": 14}}, {"pk": 36, "model": "auth.permission", "fields": {"codename": "delete_orthographicvariant", "name": "Can delete \u043e\u0440\u0444\u043e\u0433\u0440\u0430\u0444\u0438\u0447\u0435\u0441\u043a\u0438\u0439 \u0432\u0430\u0440\u0438\u0430\u043d\u0442", "content_type": 11}}, {"pk": 57, "model": "auth.permission", "fields": {"codename": "delete_phraseologicalunit", "name": "Can delete phraseological unit", "content_type": 18}}, {"pk": 42, "model": "auth.permission", "fields": {"codename": "delete_propernoun", "name": "Can delete \u0438\u043c\u044f \u0441\u043e\u0431\u0441\u0442\u0432\u0435\u043d\u043d\u043e\u0435", "content_type": 13}}, {"pk": 54, "model": "auth.permission", "fields": {"codename": "delete_synonymgroup", "name": "Can delete \u0433\u0440\u0443\u043f\u043f\u0430 \u0441\u0438\u043d\u043e\u043d\u0438\u043c\u043e\u0432", "content_type": 17}}, {"pk": 82, "model": "auth.permission", "fields": {"codename": "add_entrystatus", "name": "Can add \u0441\u0442\u0430\u0442\u0443\u0441 \u0441\u043b\u043e\u0432\u0430\u0440\u043d\u043e\u0439 \u0441\u0442\u0430\u0442\u044c\u0438", "content_type": 28}}, {"pk": 61, "model": "auth.permission", "fields": {"codename": "add_gender", "name": "Can add \u0433\u0440\u0430\u043c\u043c\u0430\u0442\u0438\u0447\u0435\u0441\u043a\u0438\u0439 \u0440\u043e\u0434", "content_type": 21}}, {"pk": 79, "model": "auth.permission", "fields": {"codename": "add_language", "name": "Can add \u044f\u0437\u044b\u043a", "content_type": 27}}, {"pk": 67, "model": "auth.permission", "fields": {"codename": "add_onym", "name": "Can add \u0442\u0438\u043f \u0438\u043c\u0435\u043d\u0438 \u0441\u043e\u0431\u0441\u0442\u0432\u0435\u043d\u043d\u043e\u0433\u043e", "content_type": 23}}, {"pk": 58, "model": "auth.permission", "fields": {"codename": "add_partofspeech", "name": "Can add \u0447\u0430\u0441\u0442\u044c \u0440\u0435\u0447\u0438", "content_type": 20}}, {"pk": 76, "model": "auth.permission", "fields": {"codename": "add_subcatframe", "name": "Can add \u043c\u043e\u0434\u0435\u043b\u044c \u0443\u043f\u0440\u0430\u0432\u043b\u0435\u043d\u0438\u044f", "content_type": 26}}, {"pk": 73, "model": "auth.permission", "fields": {"codename": "add_syntargument", "name": "Can add \u0441\u0438\u043d\u0442\u0430\u043a\u0441\u0438\u0447\u0435\u0441\u043a\u0438\u0439 \u0430\u0440\u0433\u0443\u043c\u0435\u043d\u0442", "content_type": 25}}, {"pk": 64, "model": "auth.permission", "fields": {"codename": "add_tantum", "name": "Can add tantum", "content_type": 22}}, {"pk": 70, "model": "auth.permission", "fields": {"codename": "add_transitivity", "name": "Can add \u043f\u0435\u0440\u0435\u0445\u043e\u0434\u043d\u043e\u0441\u0442\u044c \u0433\u043b\u0430\u0433\u043e\u043b\u0430", "content_type": 24}}, {"pk": 83, "model": "auth.permission", "fields": {"codename": "change_entrystatus", "name": "Can change \u0441\u0442\u0430\u0442\u0443\u0441 \u0441\u043b\u043e\u0432\u0430\u0440\u043d\u043e\u0439 \u0441\u0442\u0430\u0442\u044c\u0438", "content_type": 28}}, {"pk": 62, "model": "auth.permission", "fields": {"codename": "change_gender", "name": "Can change \u0433\u0440\u0430\u043c\u043c\u0430\u0442\u0438\u0447\u0435\u0441\u043a\u0438\u0439 \u0440\u043e\u0434", "content_type": 21}}, {"pk": 80, "model": "auth.permission", "fields": {"codename": "change_language", "name": "Can change \u044f\u0437\u044b\u043a", "content_type": 27}}, {"pk": 68, "model": "auth.permission", "fields": {"codename": "change_onym", "name": "Can change \u0442\u0438\u043f \u0438\u043c\u0435\u043d\u0438 \u0441\u043e\u0431\u0441\u0442\u0432\u0435\u043d\u043d\u043e\u0433\u043e", "content_type": 23}}, {"pk": 59, "model": "auth.permission", "fields": {"codename": "change_partofspeech", "name": "Can change \u0447\u0430\u0441\u0442\u044c \u0440\u0435\u0447\u0438", "content_type": 20}}, {"pk": 77, "model": "auth.permission", "fields": {"codename": "change_subcatframe", "name": "Can change \u043c\u043e\u0434\u0435\u043b\u044c \u0443\u043f\u0440\u0430\u0432\u043b\u0435\u043d\u0438\u044f", "content_type": 26}}, {"pk": 74, "model": "auth.permission", "fields": {"codename": "change_syntargument", "name": "Can change \u0441\u0438\u043d\u0442\u0430\u043a\u0441\u0438\u0447\u0435\u0441\u043a\u0438\u0439 \u0430\u0440\u0433\u0443\u043c\u0435\u043d\u0442", "content_type": 25}}, {"pk": 65, "model": "auth.permission", "fields": {"codename": "change_tantum", "name": "Can change tantum", "content_type": 22}}, {"pk": 71, "model": "auth.permission", "fields": {"codename": "change_transitivity", "name": "Can change \u043f\u0435\u0440\u0435\u0445\u043e\u0434\u043d\u043e\u0441\u0442\u044c \u0433\u043b\u0430\u0433\u043e\u043b\u0430", "content_type": 24}}, {"pk": 84, "model": "auth.permission", "fields": {"codename": "delete_entrystatus", "name": "Can delete \u0441\u0442\u0430\u0442\u0443\u0441 \u0441\u043b\u043e\u0432\u0430\u0440\u043d\u043e\u0439 \u0441\u0442\u0430\u0442\u044c\u0438", "content_type": 28}}, {"pk": 63, "model": "auth.permission", "fields": {"codename": "delete_gender", "name": "Can delete \u0433\u0440\u0430\u043c\u043c\u0430\u0442\u0438\u0447\u0435\u0441\u043a\u0438\u0439 \u0440\u043e\u0434", "content_type": 21}}, {"pk": 81, "model": "auth.permission", "fields": {"codename": "delete_language", "name": "Can delete \u044f\u0437\u044b\u043a", "content_type": 27}}, {"pk": 69, "model": "auth.permission", "fields": {"codename": "delete_onym", "name": "Can delete \u0442\u0438\u043f \u0438\u043c\u0435\u043d\u0438 \u0441\u043e\u0431\u0441\u0442\u0432\u0435\u043d\u043d\u043e\u0433\u043e", "content_type": 23}}, {"pk": 60, "model": "auth.permission", "fields": {"codename": "delete_partofspeech", "name": "Can delete \u0447\u0430\u0441\u0442\u044c \u0440\u0435\u0447\u0438", "content_type": 20}}, {"pk": 78, "model": "auth.permission", "fields": {"codename": "delete_subcatframe", "name": "Can delete \u043c\u043e\u0434\u0435\u043b\u044c \u0443\u043f\u0440\u0430\u0432\u043b\u0435\u043d\u0438\u044f", "content_type": 26}}, {"pk": 75, "model": "auth.permission", "fields": {"codename": "delete_syntargument", "name": "Can delete \u0441\u0438\u043d\u0442\u0430\u043a\u0441\u0438\u0447\u0435\u0441\u043a\u0438\u0439 \u0430\u0440\u0433\u0443\u043c\u0435\u043d\u0442", "content_type": 25}}, {"pk": 66, "model": "auth.permission", "fields": {"codename": "delete_tantum", "name": "Can delete tantum", "content_type": 22}}, {"pk": 72, "model": "auth.permission", "fields": {"codename": "delete_transitivity", "name": "Can delete \u043f\u0435\u0440\u0435\u0445\u043e\u0434\u043d\u043e\u0441\u0442\u044c \u0433\u043b\u0430\u0433\u043e\u043b\u0430", "content_type": 24}}, {"pk": 16, "model": "auth.permission", "fields": {"codename": "add_session", "name": "Can add session", "content_type": 6}}, {"pk": 17, "model": "auth.permission", "fields": {"codename": "change_session", "name": "Can change session", "content_type": 6}}, {"pk": 18, "model": "auth.permission", "fields": {"codename": "delete_session", "name": "Can delete session", "content_type": 6}}, {"pk": 19, "model": "auth.permission", "fields": {"codename": "add_site", "name": "Can add site", "content_type": 7}}, {"pk": 20, "model": "auth.permission", "fields": {"codename": "change_site", "name": "Can change site", "content_type": 7}}, {"pk": 21, "model": "auth.permission", "fields": {"codename": "delete_site", "name": "Can delete site", "content_type": 7}}, {"pk": 1, "model": "auth.user", "fields": {"username": "test", "first_name": "\u0410\u043d\u0434\u0440\u0435\u0439", "last_name": "\u0425\u0438\u0442\u0440\u043e\u0432", "is_active": true, "is_superuser": true, "is_staff": true, "last_login": "2009-12-24 15:07:28", "groups": [], "user_permissions": [], "password": "sha1$21017$46e90d15d3115fda734236d89c85ef3b378930fa", "email": "test@test.net", "date_joined": "2009-12-10 22:12:35"}}, {"pk": 2, "model": "auth.user", "fields": {"username": "olga", "first_name": "\u041e\u043b\u044c\u0433\u0430", "last_name": "\u0421\u0435\u0434\u0430\u043a\u043e\u0432\u0430", "is_active": true, "is_superuser": false, "is_staff": true, "last_login": "2009-12-24 15:01:01", "groups": [], "user_permissions": [46, 28, 31, 37, 49, 43, 34, 55, 40, 52, 47, 29, 32, 38, 50, 44, 35, 56, 41, 53, 48, 30, 33, 39, 51, 45, 36, 57, 42, 54], "password": "sha1$20461$1b6cec5f3a00d62c621da4c9757df627bdd4976e", "email": "olga@mail.net", "date_joined": "2009-12-24 15:01:01"}}, {"pk": 3, "model": "auth.user", "fields": {"username": "fedor", "first_name": "\u0424\u0451\u0434\u043e\u0440", "last_name": "\u041b\u044e\u0434\u043e\u0433\u043e\u0432\u0441\u043a\u0438\u0439", "is_active": true, "is_superuser": true, "is_staff": true, "last_login": "2009-12-24 15:01:42", "groups": [], "user_permissions": [], "password": "sha1$f07a8$a5eee31cffd337979ce8bfa18b80cbc1dac2b2ff", "email": "", "date_joined": "2009-12-24 15:01:42"}}, {"pk": 4, "model": "auth.user", "fields": {"username": "ivan", "first_name": "\u0418\u0432\u0430\u043d", "last_name": "\u0414\u043e\u0431\u0440\u043e\u0432\u043e\u043b\u044c\u0441\u043a\u0438\u0439", "is_active": true, "is_superuser": true, "is_staff": true, "last_login": "2009-12-24 15:03:31", "groups": [], "user_permissions": [], "password": "sha1$b3a13$48201a87db03d8421435903625a93bef9b486850", "email": "", "date_joined": "2009-12-24 15:03:31"}}, {"pk": 5, "model": "contenttypes.contenttype", "fields": {"model": "contenttype", "name": "content type", "app_label": "contenttypes"}}, {"pk": 2, "model": "contenttypes.contenttype", "fields": {"model": "group", "name": "group", "app_label": "auth"}}, {"pk": 8, "model": "contenttypes.contenttype", "fields": {"model": "logentry", "name": "log entry", "app_label": "admin"}}, {"pk": 4, "model": "contenttypes.contenttype", "fields": {"model": "message", "name": "message", "app_label": "auth"}}, {"pk": 19, "model": "contenttypes.contenttype", "fields": {"model": "myuser", "name": "my user", "app_label": "dictionary"}}, {"pk": 1, "model": "contenttypes.contenttype", "fields": {"model": "permission", "name": "permission", "app_label": "auth"}}, {"pk": 18, "model": "contenttypes.contenttype", "fields": {"model": "phraseologicalunit", "name": "phraseological unit", "app_label": "dictionary"}}, {"pk": 6, "model": "contenttypes.contenttype", "fields": {"model": "session", "name": "session", "app_label": "sessions"}}, {"pk": 7, "model": "contenttypes.contenttype", "fields": {"model": "site", "name": "site", "app_label": "sites"}}, {"pk": 22, "model": "contenttypes.contenttype", "fields": {"model": "tantum", "name": "tantum", "app_label": "directory"}}, {"pk": 3, "model": "contenttypes.contenttype", "fields": {"model": "user", "name": "user", "app_label": "auth"}}, {"pk": 15, "model": "contenttypes.contenttype", "fields": {"model": "address", "name": "\u0430\u0434\u0440\u0435\u0441", "app_label": "dictionary"}}, {"pk": 21, "model": "contenttypes.contenttype", "fields": {"model": "gender", "name": "\u0433\u0440\u0430\u043c\u043c\u0430\u0442\u0438\u0447\u0435\u0441\u043a\u0438\u0439 \u0440\u043e\u0434", "app_label": "directory"}}, {"pk": 17, "model": "contenttypes.contenttype", "fields": {"model": "synonymgroup", "name": "\u0433\u0440\u0443\u043f\u043f\u0430 \u0441\u0438\u043d\u043e\u043d\u0438\u043c\u043e\u0432", "app_label": "dictionary"}}, {"pk": 14, "model": "contenttypes.contenttype", "fields": {"model": "meaning", "name": "\u0437\u043d\u0430\u0447\u0435\u043d\u0438\u0435", "app_label": "dictionary"}}, {"pk": 13, "model": "contenttypes.contenttype", "fields": {"model": "propernoun", "name": "\u0438\u043c\u044f \u0441\u043e\u0431\u0441\u0442\u0432\u0435\u043d\u043d\u043e\u0435", "app_label": "dictionary"}}, {"pk": 26, "model": "contenttypes.contenttype", "fields": {"model": "subcatframe", "name": "\u043c\u043e\u0434\u0435\u043b\u044c \u0443\u043f\u0440\u0430\u0432\u043b\u0435\u043d\u0438\u044f", "app_label": "directory"}}, {"pk": 11, "model": "contenttypes.contenttype", "fields": {"model": "orthographicvariant", "name": "\u043e\u0440\u0444\u043e\u0433\u0440\u0430\u0444\u0438\u0447\u0435\u0441\u043a\u0438\u0439 \u0432\u0430\u0440\u0438\u0430\u043d\u0442", "app_label": "dictionary"}}, {"pk": 24, "model": "contenttypes.contenttype", "fields": {"model": "transitivity", "name": "\u043f\u0435\u0440\u0435\u0445\u043e\u0434\u043d\u043e\u0441\u0442\u044c \u0433\u043b\u0430\u0433\u043e\u043b\u0430", "app_label": "directory"}}, {"pk": 16, "model": "contenttypes.contenttype", "fields": {"model": "example", "name": "\u043f\u0440\u0438\u043c\u0435\u0440", "app_label": "dictionary"}}, {"pk": 25, "model": "contenttypes.contenttype", "fields": {"model": "syntargument", "name": "\u0441\u0438\u043d\u0442\u0430\u043a\u0441\u0438\u0447\u0435\u0441\u043a\u0438\u0439 \u0430\u0440\u0433\u0443\u043c\u0435\u043d\u0442", "app_label": "directory"}}, {"pk": 10, "model": "contenttypes.contenttype", "fields": {"model": "entry", "name": "\u0441\u043b\u043e\u0432\u0430\u0440\u043d\u0430\u044f \u0441\u0442\u0430\u0442\u044c\u044f", "app_label": "dictionary"}}, {"pk": 28, "model": "contenttypes.contenttype", "fields": {"model": "entrystatus", "name": "\u0441\u0442\u0430\u0442\u0443\u0441 \u0441\u043b\u043e\u0432\u0430\u0440\u043d\u043e\u0439 \u0441\u0442\u0430\u0442\u044c\u0438", "app_label": "directory"}}, {"pk": 23, "model": "contenttypes.contenttype", "fields": {"model": "onym", "name": "\u0442\u0438\u043f \u0438\u043c\u0435\u043d\u0438 \u0441\u043e\u0431\u0441\u0442\u0432\u0435\u043d\u043d\u043e\u0433\u043e", "app_label": "directory"}}, {"pk": 20, "model": "contenttypes.contenttype", "fields": {"model": "partofspeech", "name": "\u0447\u0430\u0441\u0442\u044c \u0440\u0435\u0447\u0438", "app_label": "directory"}}, {"pk": 9, "model": "contenttypes.contenttype", "fields": {"model": "civilequivalent", "name": "\u044d\u043a\u0432\u0438\u0432\u0430\u043b\u0435\u043d\u0442 \u0432 \u0433\u0440\u0430\u0436\u0434\u0430\u043d\u0441\u043a\u043e\u043c \u043d\u0430\u043f\u0438\u0441\u0430\u043d\u0438\u0438", "app_label": "dictionary"}}, {"pk": 12, "model": "contenttypes.contenttype", "fields": {"model": "etymology", "name": "\u044d\u0442\u0438\u043c\u043e\u043b\u043e\u0433\u0438\u044f \u0441\u043b\u043e\u0432\u0430", "app_label": "dictionary"}}, {"pk": 27, "model": "contenttypes.contenttype", "fields": {"model": "language", "name": "\u044f\u0437\u044b\u043a", "app_label": "directory"}}, {"pk": "c0a4902ad347020a6d961e16bed3084d", "model": "sessions.session", "fields": {"expire_date": "2010-01-07 15:07:28", "session_data": "gAJ9cQEoVRJfYXV0aF91c2VyX2JhY2tlbmRxAlUpZGphbmdvLmNvbnRyaWIuYXV0aC5iYWNrZW5k\ncy5Nb2RlbEJhY2tlbmRxA1UNX2F1dGhfdXNlcl9pZHEESwF1LjQ4OGMzODI3ODgxNTcyZDYwNTll\nMGU3YWEzYWM2NTUy\n"}}, {"pk": 1, "model": "sites.site", "fields": {"domain": "example.com", "name": "example.com"}}, {"pk": 25, "model": "admin.logentry", "fields": {"action_flag": 1, "action_time": "2009-12-24 15:52:13", "object_repr": "", "object_id": "5", "change_message": "", "user": 1, "content_type": 14}}, {"pk": 24, "model": "admin.logentry", "fields": {"action_flag": 1, "action_time": "2009-12-24 15:51:41", "object_repr": "\u0430\u0432\u0440\u0430\u0430\u043c\u043e\u0432", "object_id": "5", "change_message": "", "user": 1, "content_type": 10}}, {"pk": 23, "model": "admin.logentry", "fields": {"action_flag": 1, "action_time": "2009-12-24 15:48:46", "object_repr": "\u0430\u0432\u0440\u0430\u0430\u043c\u043e\u0432", "object_id": "5", "change_message": "", "user": 1, "content_type": 9}}, {"pk": 22, "model": "admin.logentry", "fields": {"action_flag": 2, "action_time": "2009-12-24 15:47:29", "object_repr": "\u0430\u0432\u0440\u0430\u0430\u043c\u043e\u0432, \u043f\u0440\u0438\u043d\u0430\u0434\u043b\u0435\u0436\u0430\u0449\u0438\u0439 \u0438\u043b\u0438 \u0441\u0432\u043e\u0439\u0441\u0442\u0432\u0435\u043d\u043d\u044b\u0439 \u0410\u0432\u0440\u0430\u0430\u043c\u0443", "object_id": "4", "change_message": "Changed meaning.", "user": 1, "content_type": 14}}, {"pk": 21, "model": "admin.logentry", "fields": {"action_flag": 2, "action_time": "2009-12-24 15:47:05", "object_repr": "\u0430\u0432\u0440\u0430\u0430\u043c\u043e\u0432, \u043f\u0440\u0438\u043d\u0430\u0434\u043b\u0435\u0436\u0430\u0449\u0438\u0439 \u0410\u0432\u0440\u0430\u0430\u043c\u0443", "object_id": "4", "change_message": "Added \u043f\u0440\u0438\u043c\u0435\u0440 \"(\u041c. 9 \u0438\u043d.) \u043a\u0477\u0440i\u0301\u043b\u043b\u0435, \ua657\u0486\u0301\u043a\u0461 \u0430\u0486\u0432\u0440\u0430\u0430\u0301\u043c\u043b\u0435 \u0441\u0442\u0440\u0430\u043d\u043d\u043e\u043b\u044e\u0301\u0431i\u0435 \u0441\u0442\u0467\u0436\u0430\u0301\u043b\u044a \u0454\u0486\u0441\u0438\u0300 \".", "user": 1, "content_type": 14}}, {"pk": 20, "model": "admin.logentry", "fields": {"action_flag": 1, "action_time": "2009-12-24 15:47:00", "object_repr": "(\u041c. 9 \u0438\u043d.)", "object_id": "5", "change_message": "", "user": 1, "content_type": 15}}, {"pk": 19, "model": "admin.logentry", "fields": {"action_flag": 1, "action_time": "2009-12-24 15:45:05", "object_repr": "\u0430\u0432\u0440\u0430\u0430\u043c\u043e\u0432, \u043f\u0440\u0438\u043d\u0430\u0434\u043b\u0435\u0436\u0430\u0449\u0438\u0439 \u0410\u0432\u0440\u0430\u0430\u043c\u0443", "object_id": "4", "change_message": "", "user": 1, "content_type": 14}}, {"pk": 18, "model": "admin.logentry", "fields": {"action_flag": 1, "action_time": "2009-12-24 15:45:01", "object_repr": "(\u0420\u0438\u043c. 13,4)", "object_id": "4", "change_message": "", "user": 1, "content_type": 15}}, {"pk": 17, "model": "admin.logentry", "fields": {"action_flag": 2, "action_time": "2009-12-24 15:41:56", "object_repr": "\u0430\u0432\u0440\u0430\u0430\u043c\u043b\u044c", "object_id": "4", "change_message": "Changed possessive_prounoun_to. Added \u043e\u0440\u0444\u043e\u0433\u0440\u0430\u0444\u0438\u0447\u0435\u0441\u043a\u0438\u0439 \u0432\u0430\u0440\u0438\u0430\u043d\u0442 \"\u0430\u0486\u0432\u0440\u0430\u0430\u0301\u043c\u043b\u044c\".", "user": 1, "content_type": 10}}, {"pk": 16, "model": "admin.logentry", "fields": {"action_flag": 1, "action_time": "2009-12-24 15:39:49", "object_repr": "\u0430\u0432\u0440\u0430\u0430\u043c\u043b\u044c", "object_id": "4", "change_message": "", "user": 1, "content_type": 10}}, {"pk": 15, "model": "admin.logentry", "fields": {"action_flag": 1, "action_time": "2009-12-24 15:38:41", "object_repr": "\u0430\u0432\u0440\u0430\u0430\u043c\u043b\u044c", "object_id": "4", "change_message": "", "user": 1, "content_type": 9}}, {"pk": 14, "model": "admin.logentry", "fields": {"action_flag": 1, "action_time": "2009-12-24 15:37:10", "object_repr": "PhraseologicalUnit object", "object_id": "1", "change_message": "", "user": 1, "content_type": 18}}, {"pk": 13, "model": "admin.logentry", "fields": {"action_flag": 1, "action_time": "2009-12-24 15:37:04", "object_repr": "\u043b\u043e\u043d\u043e", "object_id": "3", "change_message": "", "user": 1, "content_type": 10}}, {"pk": 12, "model": "admin.logentry", "fields": {"action_flag": 1, "action_time": "2009-12-24 15:36:24", "object_repr": "\u043b\u043e\u043d\u043e", "object_id": "3", "change_message": "", "user": 1, "content_type": 9}}, {"pk": 11, "model": "admin.logentry", "fields": {"action_flag": 1, "action_time": "2009-12-24 15:32:31", "object_repr": "\u0410\u0432\u0440\u0430\u0430\u043c", "object_id": "3", "change_message": "", "user": 1, "content_type": 14}}, {"pk": 10, "model": "admin.logentry", "fields": {"action_flag": 1, "action_time": "2009-12-24 15:32:18", "object_repr": "(\u0411\u044b\u0442. 5, 3)", "object_id": "3", "change_message": "", "user": 1, "content_type": 15}}, {"pk": 9, "model": "admin.logentry", "fields": {"action_flag": 1, "action_time": "2009-12-24 15:31:03", "object_repr": "\u0410\u0432\u0440\u0430\u0430\u043c", "object_id": "2", "change_message": "", "user": 1, "content_type": 10}}, {"pk": 8, "model": "admin.logentry", "fields": {"action_flag": 1, "action_time": "2009-12-24 15:28:46", "object_repr": "\u0410\u0432\u0440\u0430\u0430\u043c", "object_id": "2", "change_message": "", "user": 1, "content_type": 9}}, {"pk": 7, "model": "admin.logentry", "fields": {"action_flag": 1, "action_time": "2009-12-24 15:28:09", "object_repr": "", "object_id": "2", "change_message": "", "user": 1, "content_type": 14}}, {"pk": 6, "model": "admin.logentry", "fields": {"action_flag": 1, "action_time": "2009-12-24 15:27:53", "object_repr": "(1 \u0421\u0435\u0434\u043c. \u0412.\u041f.)", "object_id": "2", "change_message": "", "user": 1, "content_type": 15}}, {"pk": 5, "model": "admin.logentry", "fields": {"action_flag": 1, "action_time": "2009-12-24 15:25:06", "object_repr": "\u0410\u0445\u0430\u0432", "object_id": "1", "change_message": "", "user": 1, "content_type": 14}}, {"pk": 4, "model": "admin.logentry", "fields": {"action_flag": 1, "action_time": "2009-12-24 15:17:22", "object_repr": "(3 \u0426\u0430\u0440. 18:20)", "object_id": "1", "change_message": "", "user": 1, "content_type": 15}}, {"pk": 3, "model": "admin.logentry", "fields": {"action_flag": 2, "action_time": "2009-12-24 15:14:40", "object_repr": "\u0410\u0445\u0430\u0432", "object_id": "1", "change_message": "Added \u043e\u0440\u0444\u043e\u0433\u0440\u0430\u0444\u0438\u0447\u0435\u0441\u043a\u0438\u0439 \u0432\u0430\u0440\u0438\u0430\u043d\u0442 \"\u0430\u0486\u0445\u0430\u0430\u0301\u0432\u044a\".", "user": 1, "content_type": 10}}, {"pk": 2, "model": "admin.logentry", "fields": {"action_flag": 1, "action_time": "2009-12-24 15:14:01", "object_repr": "\u0410\u0445\u0430\u0432", "object_id": "1", "change_message": "", "user": 1, "content_type": 10}}, {"pk": 1, "model": "admin.logentry", "fields": {"action_flag": 1, "action_time": "2009-12-24 15:11:52", "object_repr": "\u0410\u0445\u0430\u0432", "object_id": "1", "change_message": "", "user": 1, "content_type": 9}}, {"pk": 1, "model": "dictionary.civilequivalent", "fields": {"text": "\u0410\u0445\u0430\u0432"}}, {"pk": 2, "model": "dictionary.civilequivalent", "fields": {"text": "\u0410\u0432\u0440\u0430\u0430\u043c"}}, {"pk": 3, "model": "dictionary.civilequivalent", "fields": {"text": "\u043b\u043e\u043d\u043e"}}, {"pk": 4, "model": "dictionary.civilequivalent", "fields": {"text": "\u0430\u0432\u0440\u0430\u0430\u043c\u043b\u044c"}}, {"pk": 5, "model": "dictionary.civilequivalent", "fields": {"text": "\u0430\u0432\u0440\u0430\u0430\u043c\u043e\u0432"}}, {"pk": 2, "model": "dictionary.entry", "fields": {"status": 2, "uninflected": false, "possessive_prounoun_to": null, "short_form": "", "sg1": "", "gender": 1, "sg2": "", "part_of_speech": 1, "tantum": null, "editor": 3, "civil_equivalent": 2, "genitive": "\u0430", "transitivity": null}}, {"pk": 1, "model": "dictionary.entry", "fields": {"status": 2, "uninflected": false, "possessive_prounoun_to": null, "short_form": "", "sg1": "", "gender": 1, "sg2": "", "part_of_speech": 1, "tantum": null, "editor": 3, "civil_equivalent": 1, "genitive": "\u0430", "transitivity": null}}, {"pk": 4, "model": "dictionary.entry", "fields": {"status": 2, "uninflected": false, "possessive_prounoun_to": 2, "short_form": "", "sg1": "", "gender": null, "sg2": "", "part_of_speech": 2, "tantum": null, "editor": 3, "civil_equivalent": 4, "genitive": "", "transitivity": null}}, {"pk": 5, "model": "dictionary.entry", "fields": {"status": 2, "uninflected": false, "possessive_prounoun_to": 2, "short_form": "", "sg1": "", "gender": null, "sg2": "", "part_of_speech": 2, "tantum": null, "editor": 3, "civil_equivalent": 5, "genitive": "", "transitivity": null}}, {"pk": 3, "model": "dictionary.entry", "fields": {"status": 3, "uninflected": false, "possessive_prounoun_to": null, "short_form": "", "sg1": "", "gender": 3, "sg2": "", "part_of_speech": 1, "tantum": null, "editor": 2, "civil_equivalent": 3, "genitive": "\u0430", "transitivity": null}}, {"pk": 6, "model": "dictionary.orthographicvariant", "fields": {"idem": " \u0430\u0486\u0432\u0440\u0430\u0430\u0301\u043c\u043e\u0432\u044a", "is_approved": false, "is_headword": true, "frequency": null, "is_reconstructed": false, "entry": 5, "is_factored_out": false}}, {"pk": 5, "model": "dictionary.orthographicvariant", "fields": {"idem": "\u0430\u0486\u0432\u0440\u0430\u0430\u0301\u043c\u043b\u044c", "is_approved": false, "is_headword": true, "frequency": null, "is_reconstructed": false, "entry": 4, "is_factored_out": false}}, {"pk": 3, "model": "dictionary.orthographicvariant", "fields": {"idem": "\u0430\u0486\u0432\u0440\u0430\u0430\u0301\u043c\u044a", "is_approved": false, "is_headword": true, "frequency": null, "is_reconstructed": false, "entry": 2, "is_factored_out": false}}, {"pk": 1, "model": "dictionary.orthographicvariant", "fields": {"idem": "\u0430\u0486\u0445\u0430\u0301\u0432\u044a", "is_approved": false, "is_headword": true, "frequency": null, "is_reconstructed": false, "entry": 1, "is_factored_out": false}}, {"pk": 4, "model": "dictionary.orthographicvariant", "fields": {"idem": "\u043b\u043e\u0301\u043d\u043e", "is_approved": false, "is_headword": true, "frequency": null, "is_reconstructed": false, "entry": 3, "is_factored_out": false}}, {"pk": 2, "model": "dictionary.orthographicvariant", "fields": {"idem": "\u0430\u0486\u0445\u0430\u0430\u0301\u0432\u044a", "is_approved": false, "is_headword": false, "frequency": null, "is_reconstructed": false, "entry": 1, "is_factored_out": false}}, {"pk": 1, "model": "dictionary.propernoun", "fields": {"entry": 1, "canonical_name": false, "unclear_ethymology": false, "etymology": [], "onym": 1}}, {"pk": 2, "model": "dictionary.propernoun", "fields": {"entry": 2, "canonical_name": true, "unclear_ethymology": false, "etymology": [], "onym": 1}}, {"pk": 3, "model": "dictionary.meaning", "fields": {"metaphorical": false, "gloss": "", "meaning": "\u0410\u0432\u0440\u0430\u0430\u043c", "link": false, "entry": 2, "order": 1, "subcat_frames": [], "phraseological_unit": null}}, {"pk": 1, "model": "dictionary.meaning", "fields": {"metaphorical": false, "gloss": "\u0446\u0430\u0440\u044c \u0418\u0437\u0440\u0430\u0438\u043b\u044f", "meaning": "\u0410\u0445\u0430\u0432", "link": false, "entry": 1, "order": 1, "subcat_frames": [], "phraseological_unit": null}}, {"pk": 2, "model": "dictionary.meaning", "fields": {"metaphorical": true, "gloss": "\u043e\u0434\u0438\u043d \u0438\u0437 \u0432\u0435\u0442\u0445\u043e\u0437\u0430\u0432\u0442\u043d\u044b\u0445 \u043e\u0431\u0440\u0430\u0437\u043e\u0432 \u0431\u043e\u0433\u043e\u043e\u0442\u0441\u0442\u0443\u043f\u043d\u0438\u0447\u0435\u0441\u0442\u0432\u0430", "meaning": "", "link": false, "entry": 1, "order": 2, "subcat_frames": [], "phraseological_unit": null}}, {"pk": 4, "model": "dictionary.meaning", "fields": {"metaphorical": false, "gloss": "", "meaning": "\u0430\u0432\u0440\u0430\u0430\u043c\u043e\u0432, \u043f\u0440\u0438\u043d\u0430\u0434\u043b\u0435\u0436\u0430\u0449\u0438\u0439 \u0438\u043b\u0438 \u0441\u0432\u043e\u0439\u0441\u0442\u0432\u0435\u043d\u043d\u044b\u0439 \u0410\u0432\u0440\u0430\u0430\u043c\u0443", "link": false, "entry": 4, "order": 1, "subcat_frames": [], "phraseological_unit": null}}, {"pk": 5, "model": "dictionary.meaning", "fields": {"metaphorical": false, "gloss": "", "meaning": "", "link": true, "entry": 5, "order": 1, "subcat_frames": [], "phraseological_unit": null}}, {"pk": 1, "model": "dictionary.address", "fields": {"address": "3 \u0426\u0430\u0440. 18:20"}}, {"pk": 2, "model": "dictionary.address", "fields": {"address": "1 \u0421\u0435\u0434\u043c. \u0412.\u041f."}}, {"pk": 3, "model": "dictionary.address", "fields": {"address": "\u0411\u044b\u0442. 5, 3"}}, {"pk": 4, "model": "dictionary.address", "fields": {"address": "\u0420\u0438\u043c. 13,4"}}, {"pk": 5, "model": "dictionary.address", "fields": {"address": "\u041c. 9 \u0438\u043d."}}, {"pk": 1, "model": "dictionary.example", "fields": {"meaning": 1, "hidden": false, "translation": "", "example": "\u0418\u0486 \u043f\u043e \u0433\u043b\u0430\u0433\u043e\u0301\u043b\ua64b \u0438\u0486\u043bi\u0438\u043d\ua64b\u0300 \u043f\u043e\u0441\u043b\u0430\u0300 \u0430\u0486\u0445\u0430\u0301\u0432\u044a \u0432\u043e \u0432\u0435\u0301\u0441\u044c i\u0486\u0438\u0483\u043b\u044c, \u0438\u0486 \u0441\u043e\u0431\u0440\u0430\u0300 \u0432\u0441\u0467\u0311 \u043f\u0440\u043e\u0440\u043e\u0301\u043a\u0438 \u043d\u0430 \u0433\u043e\u0301\u0440\ua64b \u043a\u0430\u0440\u043c\u0438\u0301\u043b\u044c\u0441\u043a\ua64b\u044e, \u0438\u0486 \u043f\u0440\u0438\u0432\u0435\u0434\u0435\u0300 \u043a\u043e \u0432\u0441\u0463\u0311\u043c\u044a \u0438\u0486\u0300\u043c\u044a \u0438\u0486\u043bi\u044e\u0300", "address": 1}}, {"pk": 2, "model": "dictionary.example", "fields": {"meaning": 2, "hidden": false, "translation": "", "example": "\u0417\u0430\u043a\u043b\u044e\u0447\u0438\u0301\u0441\u0467 \u0442\u0435\u0431\u0463\u0300 \u043d\u0431\u0483\u043e \u0434\ua64b\u0448\u0435\u0300, \u0438\u0486 \u0433\u043b\u0430\u0301\u0434\u044a \u0431\u0436\u0483i\u0439 \u043f\u043e\u0441\u0442\u0438\u0301\u0436\u0435 \u0442\u0467\u0300: \u0454\u0486\u0433\u0434\u0430\u0300 \u0438\u0486\u043bi\u0438\u0300 \u0473\u0435\u0441\u0432i\u0301\u0442\u0467\u043d\u0438\u043d\u0430 \ua657\u0486\u0301\u043a\u043e\u0436\u0435 \u0430\u0486\u0445\u0430\u0430\u0301\u0432\u044a, \u043d\u0435 \u043f\u043e\u043a\u043e\u0440\u0438\u0301\u0441\u0467 \u0441\u043b\u043e\u0432\u0435\u0441\u0454\u0301\u043c\u044a \u0438\u0486\u043d\u043e\u0433\u0434\u0430\u0300: \u043d\u043e \u0441\u0430\u0440\u0430\u0301\u0444\u0473i\u0438 \u0479\u0486\u043f\u043e\u0434\u043e\u0301\u0431\u0438\u0432\u0441\u0467, \u043d\u0430\u043f\u0438\u0442\u0430\u0301\u0439 \u043f\u0440\u2dea\u0487\u0440\u043e\u0301\u0447\ua64b \u0434\ua64b\u0301\u0448\ua64b", "address": 2}}, {"pk": 3, "model": "dictionary.example", "fields": {"meaning": 3, "hidden": false, "translation": "", "example": "\u0432\u0463\u0301\u0440\u043e\u0432\u0430 \u0436\u0435 \u0430\u0486\u0432\u0440\u0430\u0430\u0301\u043c\u044a \u0431\u0433\u0483\u043e\u0432\u0438, \u0438\u0486 \u0432\u043c\u0463\u043d\u0438\u0301\u0441\u0467 \u0454\u0486\u043c\ua64b\u0300 \u0432\u044a \u043f\u0440\u0430\u0301\u0432\u0434\ua64b, \u0438\u0486 \u0434\u0440\ua64b\u0301\u0433\u044a \u0431\u0436\u0483i\u0439 \u043d\u0430\u0440\u0435\u0447\u0435\u0301\u0441\u0467", "address": 3}}, {"pk": 4, "model": "dictionary.example", "fields": {"meaning": 4, "hidden": false, "translation": "", "example": "\u043d\u0435 \u0432\u0441\u0438\u0301 \u0431\u043e \u0441\ua64b\u0301\u0449i\u0438 \u047f i\u0486\u0438\u0483\u043b\u0467, \u0441i\u0301\u0438 i\u0486\u0438\u0483\u043b\u044c: \u0437\u0483 \u041d\u0438 \u0437\u0430\u043d\u0435\u0300 \u0441\ua64b\u0301\u0442\u044c \u0441\u0463\u0301\u043c\u0467 \u0430\u0486\u0432\u0440\u0430\u0430\u0301\u043c\u043b\u0435, \u0432\u0441\u0438\u0300 \u0447\u0430\u0311\u0434\u0430", "address": 4}}, {"pk": 5, "model": "dictionary.example", "fields": {"meaning": 4, "hidden": false, "translation": "", "example": "\u043a\u0477\u0440i\u0301\u043b\u043b\u0435, \ua657\u0486\u0301\u043a\u0461 \u0430\u0486\u0432\u0440\u0430\u0430\u0301\u043c\u043b\u0435 \u0441\u0442\u0440\u0430\u043d\u043d\u043e\u043b\u044e\u0301\u0431i\u0435 \u0441\u0442\u0467\u0436\u0430\u0301\u043b\u044a \u0454\u0486\u0441\u0438\u0300 ", "address": 5}}, {"pk": 1, "model": "dictionary.phraseologicalunit", "fields": {"text": "\u043b\u043e\u0301\u043d\u043e \u0430\u0486\u0432\u0440\u0430\u0430\u0301\u043c\u0430", "base": 2, "constituents": [2, 3]}}, {"pk": 3, "model": "directory.partofspeech", "fields": {"abbreviation": "\u0433\u043b.", "name": "\u0433\u043b\u0430\u0433\u043e\u043b"}}, {"pk": 8, "model": "directory.partofspeech", "fields": {"abbreviation": "\u043c\u0435\u0436\u0434.", "name": "\u043c\u0435\u0436\u0434\u043e\u043c\u0435\u0442\u0438\u0435"}}, {"pk": 4, "model": "directory.partofspeech", "fields": {"abbreviation": "\u043c\u0435\u0441\u0442.", "name": "\u043c\u0435\u0441\u0442\u043e\u0438\u043c\u0435\u043d\u0438\u0435"}}, {"pk": 5, "model": "directory.partofspeech", "fields": {"abbreviation": "\u043d\u0430\u0440\u0435\u0447.", "name": "\u043d\u0430\u0440\u0435\u0447\u0438\u0435"}}, {"pk": 7, "model": "directory.partofspeech", "fields": {"abbreviation": "\u043f\u0440\u0435\u0434\u043b.", "name": "\u043f\u0440\u0435\u0434\u043b\u043e\u0433"}}, {"pk": 2, "model": "directory.partofspeech", "fields": {"abbreviation": "\u043f\u0440\u0438\u043b.", "name": "\u043f\u0440\u0438\u043b\u0430\u0433\u0430\u0442\u0435\u043b\u044c\u043d\u043e\u0435"}}, {"pk": 6, "model": "directory.partofspeech", "fields": {"abbreviation": "\u0441\u043e\u044e\u0437", "name": "\u0441\u043e\u044e\u0437"}}, {"pk": 1, "model": "directory.partofspeech", "fields": {"abbreviation": "\u0441\u0443\u0449.", "name": "\u0441\u0443\u0449\u0435\u0441\u0442\u0432\u0438\u0442\u0435\u043b\u044c\u043d\u043e\u0435"}}, {"pk": 9, "model": "directory.partofspeech", "fields": {"abbreviation": "\u0447\u0430\u0441\u0442.", "name": "\u0447\u0430\u0441\u0442\u0438\u0446\u0430"}}, {"pk": 2, "model": "directory.gender", "fields": {"abbreviation": "\u0436.", "name": "\u0436\u0435\u043d\u0441\u043a\u0438\u0439 \u0440\u043e\u0434"}}, {"pk": 1, "model": "directory.gender", "fields": {"abbreviation": "\u043c.", "name": "\u043c\u0443\u0436\u0441\u043a\u043e\u0439 \u0440\u043e\u0434"}}, {"pk": 3, "model": "directory.gender", "fields": {"abbreviation": "\u0441\u0440.", "name": "\u0441\u0440\u0435\u0434\u043d\u0438\u0439 \u0440\u043e\u0434"}}, {"pk": 3, "model": "directory.tantum", "fields": {"abbreviation": "du.", "name": "duale tantum"}}, {"pk": 1, "model": "directory.tantum", "fields": {"abbreviation": "pl.", "name": "plurale tantum"}}, {"pk": 2, "model": "directory.tantum", "fields": {"abbreviation": "sg.", "name": "singulare tantum"}}, {"pk": 1, "model": "directory.onym", "fields": {"abbreviation": "\u0430\u043d\u0442\u0440.", "name": "\u0430\u043d\u0442\u0440\u043e\u043f\u043e\u043d\u0438\u043c"}}, {"pk": 3, "model": "directory.onym", "fields": {"abbreviation": "\u0442\u043e\u043f.", "name": "\u0442\u043e\u043f\u043e\u043d\u0438\u043c"}}, {"pk": 2, "model": "directory.onym", "fields": {"abbreviation": "\u044d\u0442\u043d.", "name": "\u044d\u0442\u043d\u043e\u043d\u0438\u043c"}}, {"pk": 2, "model": "directory.transitivity", "fields": {"abbreviation": "\u043d\u0435\u043f\u0435\u0440\u0435\u0445.", "name": "\u043d\u0435\u043f\u0435\u0440\u0435\u0445\u043e\u0434\u043d\u044b\u0439 \u0433\u043b\u0430\u0433\u043e\u043b"}}, {"pk": 1, "model": "directory.transitivity", "fields": {"abbreviation": "\u043f\u0435\u0440\u0435\u0445.", "name": "\u043f\u0435\u0440\u0435\u0445\u043e\u0434\u043d\u044b\u0439 \u0433\u043b\u0430\u0433\u043e\u043b"}}, {"pk": 9, "model": "directory.language", "fields": {"abbreviation": "\u0430\u043a\u043a\u0430\u0434.", "name": "\u0430\u043a\u043a\u0430\u0434\u0441\u043a\u0438\u0439"}}, {"pk": 4, "model": "directory.language", "fields": {"abbreviation": "\u0430\u0440\u0430\u043c.", "name": "\u0430\u0440\u0430\u043c\u0435\u0439\u0441\u043a\u0438\u0439"}}, {"pk": 7, "model": "directory.language", "fields": {"abbreviation": "\u0430\u0440\u043c.", "name": "\u0430\u0440\u043c\u044f\u043d\u0441\u043a\u0438\u0439"}}, {"pk": 1, "model": "directory.language", "fields": {"abbreviation": "\u0433\u0440\u0435\u0447.", "name": "\u0433\u0440\u0435\u0447\u0435\u0441\u043a\u0438\u0439"}}, {"pk": 6, "model": "directory.language", "fields": {"abbreviation": "\u0433\u0440\u0443\u0437.", "name": "\u0433\u0440\u0443\u0437\u0438\u043d\u0441\u043a\u0438\u0439"}}, {"pk": 3, "model": "directory.language", "fields": {"abbreviation": "\u0438\u0432\u0440.", "name": "\u0434\u0440\u0435\u0432\u043d\u0435\u0435\u0432\u0440\u0435\u0439\u0441\u043a\u0438\u0439"}}, {"pk": 8, "model": "directory.language", "fields": {"abbreviation": "\u043a\u043e\u043f\u0442.", "name": "\u043a\u043e\u043f\u0442\u0441\u043a\u0438\u0439"}}, {"pk": 2, "model": "directory.language", "fields": {"abbreviation": "\u043b\u0430\u0442.", "name": "\u043b\u0430\u0442\u0438\u043d\u0441\u043a\u0438\u0439"}}, {"pk": 5, "model": "directory.language", "fields": {"abbreviation": "\u0441\u0438\u0440.", "name": "\u0441\u0438\u0440\u0438\u0439\u0441\u043a\u0438\u0439"}}, {"pk": 1, "model": "directory.entrystatus", "fields": {"status": "\u0441\u043e\u0437\u0434\u0430\u043d\u0430", "order": 0}}, {"pk": 2, "model": "directory.entrystatus", "fields": {"status": "\u0432 \u0440\u0430\u0431\u043e\u0442\u0435", "order": 1}}, {"pk": 3, "model": "directory.entrystatus", "fields": {"status": "\u0437\u0430\u0432\u0435\u0440\u0448\u0435\u043d\u0430", "order": 2}}, {"pk": 4, "model": "directory.entrystatus", "fields": {"status": "\u0443\u0442\u0432\u0435\u0440\u0436\u0434\u0435\u043d\u0430", "order": 3}}]
