[{"pk": 22, "model": "contenttypes.contenttype", "fields": {"model": "category", "name": "category", "app_label": "directory"}}, {"pk": 23, "model": "contenttypes.contenttype", "fields": {"model": "categoryvalue", "name": "category value", "app_label": "directory"}}, {"pk": 5, "model": "contenttypes.contenttype", "fields": {"model": "contenttype", "name": "content type", "app_label": "contenttypes"}}, {"pk": 2, "model": "contenttypes.contenttype", "fields": {"model": "group", "name": "group", "app_label": "auth"}}, {"pk": 8, "model": "contenttypes.contenttype", "fields": {"model": "logentry", "name": "log entry", "app_label": "admin"}}, {"pk": 4, "model": "contenttypes.contenttype", "fields": {"model": "message", "name": "message", "app_label": "auth"}}, {"pk": 1, "model": "contenttypes.contenttype", "fields": {"model": "permission", "name": "permission", "app_label": "auth"}}, {"pk": 6, "model": "contenttypes.contenttype", "fields": {"model": "session", "name": "session", "app_label": "sessions"}}, {"pk": 7, "model": "contenttypes.contenttype", "fields": {"model": "site", "name": "site", "app_label": "sites"}}, {"pk": 26, "model": "contenttypes.contenttype", "fields": {"model": "tantum", "name": "tantum", "app_label": "directory"}}, {"pk": 3, "model": "contenttypes.contenttype", "fields": {"model": "user", "name": "user", "app_label": "auth"}}, {"pk": 10, "model": "contenttypes.contenttype", "fields": {"model": "wordform", "name": "word form", "app_label": "dictionary"}}, {"pk": 17, "model": "contenttypes.contenttype", "fields": {"model": "address", "name": "\u0430\u0434\u0440\u0435\u0441", "app_label": "dictionary"}}, {"pk": 25, "model": "contenttypes.contenttype", "fields": {"model": "gender", "name": "\u0433\u0440\u0430\u043c\u043c\u0430\u0442\u0438\u0447\u0435\u0441\u043a\u0438\u0439 \u0440\u043e\u0434", "app_label": "directory"}}, {"pk": 21, "model": "contenttypes.contenttype", "fields": {"model": "synonymgroup", "name": "\u0433\u0440\u0443\u043f\u043f\u0430 \u0441\u0438\u043d\u043e\u043d\u0438\u043c\u043e\u0432", "app_label": "dictionary"}}, {"pk": 16, "model": "contenttypes.contenttype", "fields": {"model": "meaning", "name": "\u0437\u043d\u0430\u0447\u0435\u043d\u0438\u0435", "app_label": "dictionary"}}, {"pk": 14, "model": "contenttypes.contenttype", "fields": {"model": "propernoun", "name": "\u0438\u043c\u044f \u0441\u043e\u0431\u0441\u0442\u0432\u0435\u043d\u043d\u043e\u0435", "app_label": "dictionary"}}, {"pk": 15, "model": "contenttypes.contenttype", "fields": {"model": "meaningcontext", "name": "\u043a\u043e\u043d\u0442\u0435\u043a\u0441\u0442 \u0437\u043d\u0430\u0447\u0435\u043d\u0438\u044f", "app_label": "dictionary"}}, {"pk": 30, "model": "contenttypes.contenttype", "fields": {"model": "subcatframe", "name": "\u043c\u043e\u0434\u0435\u043b\u044c \u0443\u043f\u0440\u0430\u0432\u043b\u0435\u043d\u0438\u044f", "app_label": "directory"}}, {"pk": 12, "model": "contenttypes.contenttype", "fields": {"model": "orthographicvariant", "name": "\u043e\u0440\u0444\u043e\u0433\u0440\u0430\u0444\u0438\u0447\u0435\u0441\u043a\u0438\u0439 \u0432\u0430\u0440\u0438\u0430\u043d\u0442", "app_label": "dictionary"}}, {"pk": 28, "model": "contenttypes.contenttype", "fields": {"model": "transitivity", "name": "\u043f\u0435\u0440\u0435\u0445\u043e\u0434\u043d\u043e\u0441\u0442\u044c \u0433\u043b\u0430\u0433\u043e\u043b\u0430", "app_label": "directory"}}, {"pk": 33, "model": "contenttypes.contenttype", "fields": {"model": "customuser", "name": "\u043f\u043e\u043b\u044c\u0437\u043e\u0432\u0430\u0442\u0435\u043b\u044c", "app_label": "custom_user"}}, {"pk": 18, "model": "contenttypes.contenttype", "fields": {"model": "example", "name": "\u043f\u0440\u0438\u043c\u0435\u0440", "app_label": "dictionary"}}, {"pk": 20, "model": "contenttypes.contenttype", "fields": {"model": "symrelation", "name": "\u0441\u0438\u043c\u043c\u0435\u0442\u0440\u0438\u0447\u043d\u043e\u0435 \u0442\u0440\u0430\u043d\u0437\u0438\u0442\u0438\u0432\u043d\u043e\u0435 \u043e\u0442\u043d\u043e\u0448\u0435\u043d\u0438\u0435", "app_label": "dictionary"}}, {"pk": 29, "model": "contenttypes.contenttype", "fields": {"model": "syntargument", "name": "\u0441\u0438\u043d\u0442\u0430\u043a\u0441\u0438\u0447\u0435\u0441\u043a\u0438\u0439 \u0430\u0440\u0433\u0443\u043c\u0435\u043d\u0442", "app_label": "directory"}}, {"pk": 11, "model": "contenttypes.contenttype", "fields": {"model": "entry", "name": "\u0441\u043b\u043e\u0432\u0430\u0440\u043d\u0430\u044f \u0441\u0442\u0430\u0442\u044c\u044f", "app_label": "dictionary"}}, {"pk": 32, "model": "contenttypes.contenttype", "fields": {"model": "entrystatus", "name": "\u0441\u0442\u0430\u0442\u0443\u0441 \u0441\u043b\u043e\u0432\u0430\u0440\u043d\u043e\u0439 \u0441\u0442\u0430\u0442\u044c\u0438", "app_label": "directory"}}, {"pk": 27, "model": "contenttypes.contenttype", "fields": {"model": "onym", "name": "\u0442\u0438\u043f \u0438\u043c\u0435\u043d\u0438 \u0441\u043e\u0431\u0441\u0442\u0432\u0435\u043d\u043d\u043e\u0433\u043e", "app_label": "directory"}}, {"pk": 19, "model": "contenttypes.contenttype", "fields": {"model": "phraseologicalunit", "name": "\u0444\u0440\u0430\u0437\u0435\u043e\u043b\u043e\u0433\u0438\u0447\u0435\u0441\u043a\u043e\u0435 \u0441\u043e\u0447\u0435\u0442\u0430\u043d\u0438\u0435", "app_label": "dictionary"}}, {"pk": 24, "model": "contenttypes.contenttype", "fields": {"model": "partofspeech", "name": "\u0447\u0430\u0441\u0442\u044c \u0440\u0435\u0447\u0438", "app_label": "directory"}}, {"pk": 9, "model": "contenttypes.contenttype", "fields": {"model": "civilequivalent", "name": "\u044d\u043a\u0432\u0438\u0432\u0430\u043b\u0435\u043d\u0442 \u0432 \u0433\u0440\u0430\u0436\u0434\u0430\u043d\u0441\u043a\u043e\u043c \u043d\u0430\u043f\u0438\u0441\u0430\u043d\u0438\u0438", "app_label": "dictionary"}}, {"pk": 13, "model": "contenttypes.contenttype", "fields": {"model": "etymology", "name": "\u044d\u0442\u0438\u043c\u043e\u043b\u043e\u0433\u0438\u044f \u0441\u043b\u043e\u0432\u0430", "app_label": "dictionary"}}, {"pk": 31, "model": "contenttypes.contenttype", "fields": {"model": "language", "name": "\u044f\u0437\u044b\u043a", "app_label": "directory"}}, {"pk": "2ed9428b89bcc71fe4251038b8b1450e", "model": "sessions.session", "fields": {"expire_date": "2010-10-05 14:53:31", "session_data": "gAJ9cQEoVRJfYXV0aF91c2VyX2JhY2tlbmRxAlUtc2xhdmRpY3QuYXV0aF9iYWNrZW5kcy5DdXN0\nb21Vc2VyTW9kZWxCYWNrZW5kcQNVDV9hdXRoX3VzZXJfaWRxBEsOdS5lM2FiYTY3MmU0ZTk3NDBl\nOTUzMTE0MmRhNDU2MDNiYQ==\n"}}, {"pk": 1, "model": "sites.site", "fields": {"domain": "example.com", "name": "example.com"}}, {"pk": 19, "model": "admin.logentry", "fields": {"action_flag": 2, "action_time": "2010-09-21 18:10:10", "object_repr": "\u0430\u0430\u0440\u043e\u043d\u044c", "object_id": "2", "change_message": "\u0418\u0437\u043c\u0435\u043d\u0435\u043d entry_synonyms.", "user": 14, "content_type": 21}}, {"pk": 18, "model": "admin.logentry", "fields": {"action_flag": 1, "action_time": "2010-09-21 18:09:35", "object_repr": "\u0430\u0430\u0440\u043e\u043d\u0441\u043a\u0438\u0439", "object_id": "4", "change_message": "", "user": 14, "content_type": 11}}, {"pk": 17, "model": "admin.logentry", "fields": {"action_flag": 1, "action_time": "2010-09-21 18:09:04", "object_repr": "\u0430\u0430\u0440\u043e\u043d\u0441\u043a\u0438\u0439", "object_id": "4", "change_message": "", "user": 14, "content_type": 9}}, {"pk": 16, "model": "admin.logentry", "fields": {"action_flag": 2, "action_time": "2010-09-21 18:08:07", "object_repr": "\u0430\u0430\u0440\u043e\u043d\u044c", "object_id": "2", "change_message": "\u0418\u0437\u043c\u0435\u043d\u0435\u043d base.", "user": 14, "content_type": 21}}, {"pk": 15, "model": "admin.logentry", "fields": {"action_flag": 1, "action_time": "2010-09-21 18:01:40", "object_repr": "\u0430\u0430\u0440\u043e\u043d\u043e\u0432\u044a", "object_id": "2", "change_message": "", "user": 14, "content_type": 21}}, {"pk": 14, "model": "admin.logentry", "fields": {"action_flag": 1, "action_time": "2010-09-21 17:59:39", "object_repr": "\u0430\u0430\u0440\u043e\u043d\u044c", "object_id": "3", "change_message": "", "user": 14, "content_type": 11}}, {"pk": 13, "model": "admin.logentry", "fields": {"action_flag": 1, "action_time": "2010-09-21 17:58:53", "object_repr": "\u0430\u0430\u0440\u043e\u043d\u044c", "object_id": "3", "change_message": "", "user": 14, "content_type": 9}}, {"pk": 12, "model": "admin.logentry", "fields": {"action_flag": 1, "action_time": "2010-09-21 17:15:32", "object_repr": "\u043d\u043e\u0432\u043e\u0435 \u0437\u043d\u0430\u0447\u0435\u043d\u0438\u0435", "object_id": "3", "change_message": "", "user": 14, "content_type": 16}}, {"pk": 11, "model": "admin.logentry", "fields": {"action_flag": 2, "action_time": "2010-09-21 17:07:55", "object_repr": "\u0410\u0430\u0440\u043e\u043d", "object_id": "1", "change_message": "\u0418\u0437\u043c\u0435\u043d\u0435\u043d\u044b left_text, context \u0438 right_text \u0434\u043b\u044f \u043a\u043e\u043d\u0442\u0435\u043a\u0441\u0442 \u0437\u043d\u0430\u0447\u0435\u043d\u0438\u044f \"\u043a\u044a\".", "user": 14, "content_type": 16}}, {"pk": 10, "model": "admin.logentry", "fields": {"action_flag": 2, "action_time": "2010-09-21 17:05:53", "object_repr": "\u0410\u0430\u0440\u043e\u043d", "object_id": "1", "change_message": "\u0414\u043e\u0431\u0430\u0432\u043b\u0435\u043d \u043a\u043e\u043d\u0442\u0435\u043a\u0441\u0442 \u0437\u043d\u0430\u0447\u0435\u043d\u0438\u044f \"\u0441\u0430\u043c\u044a \u0430\u0430\u0440\u043e\u043d\u044a\".", "user": 14, "content_type": 16}}, {"pk": 9, "model": "admin.logentry", "fields": {"action_flag": 2, "action_time": "2010-09-21 16:46:16", "object_repr": "\u0410\u0430\u0440\u043e\u043d\u044a", "object_id": "1", "change_message": "\u0418\u0437\u043c\u0435\u043d\u0435\u043d link_to_entry.", "user": 14, "content_type": 11}}, {"pk": 8, "model": "admin.logentry", "fields": {"action_flag": 2, "action_time": "2010-09-21 16:45:32", "object_repr": "\u0410\u0430\u0440\u043e\u043d\u044a", "object_id": "1", "change_message": "\u0418\u0437\u043c\u0435\u043d\u0435\u043d link_to_entry.", "user": 14, "content_type": 11}}, {"pk": 7, "model": "admin.logentry", "fields": {"action_flag": 1, "action_time": "2010-09-21 16:12:14", "object_repr": "", "object_id": "2", "change_message": "", "user": 14, "content_type": 16}}, {"pk": 6, "model": "admin.logentry", "fields": {"action_flag": 2, "action_time": "2010-09-21 16:10:28", "object_repr": "\u0410\u0430\u0440\u043e\u043d", "object_id": "1", "change_message": "\u0418\u0437\u043c\u0435\u043d\u0435\u043d\u044b example \u0434\u043b\u044f \u043f\u0440\u0438\u043c\u0435\u0440 \"None \u041f\u0440\u0430'\u047b\u0446~\u0454\u0432\u044a \u0441\u043e\u0431\u043e'\u0440\u044a, \u043f\u0440\u0430\u0437\u0434\u043d\u043e\u043b\u044e'\u0431\u0446\u044b, \u043f\u0440\u0456\u0438\u0434\u0438'\u0442\u0435, \u0471\u0430\u043b\u043e'\u043c\u0441\u043a\u0438 \u0434\u0430 \u0432\u043e\u0441\u0445\u0432\u0430'\u043b\u0438\u043c\u044a, \u043c\u0461\u0475\u0441\u0435'\u0430, \u0438 \u0430\u0430\u0440\u0461'\u043d\u0430\".", "user": 14, "content_type": 16}}, {"pk": 5, "model": "admin.logentry", "fields": {"action_flag": 1, "action_time": "2010-09-21 16:09:17", "object_repr": "\u0410\u0430\u0440\u043e\u043d", "object_id": "1", "change_message": "", "user": 14, "content_type": 16}}, {"pk": 4, "model": "admin.logentry", "fields": {"action_flag": 1, "action_time": "2010-09-21 15:49:42", "object_repr": "\u0430\u0430\u0440\u043e\u043d\u043e\u0432\u044a", "object_id": "2", "change_message": "", "user": 14, "content_type": 11}}, {"pk": 3, "model": "admin.logentry", "fields": {"action_flag": 1, "action_time": "2010-09-21 15:48:56", "object_repr": "\u0430\u0430\u0440\u043e\u043d\u043e\u0432\u044a", "object_id": "2", "change_message": "", "user": 14, "content_type": 9}}, {"pk": 2, "model": "admin.logentry", "fields": {"action_flag": 1, "action_time": "2010-09-21 14:56:14", "object_repr": "\u0410\u0430\u0440\u043e\u043d\u044a", "object_id": "1", "change_message": "", "user": 14, "content_type": 11}}, {"pk": 1, "model": "admin.logentry", "fields": {"action_flag": 1, "action_time": "2010-09-21 14:54:06", "object_repr": "\u0410\u0430\u0440\u043e\u043d\u044a", "object_id": "1", "change_message": "", "user": 14, "content_type": 9}}, {"pk": 1, "model": "dictionary.civilequivalent", "fields": {"text": "\u0410\u0430\u0440\u043e\u043d\u044a"}}, {"pk": 2, "model": "dictionary.civilequivalent", "fields": {"text": "\u0430\u0430\u0440\u043e\u043d\u043e\u0432\u044a"}}, {"pk": 3, "model": "dictionary.civilequivalent", "fields": {"text": "\u0430\u0430\u0440\u043e\u043d\u044c"}}, {"pk": 4, "model": "dictionary.civilequivalent", "fields": {"text": "\u0430\u0430\u0440\u043e\u043d\u0441\u043a\u0438\u0439"}}, {"pk": 2, "model": "dictionary.entry", "fields": {"link_to_entry": null, "antconc_query": "", "derivation_entry": 1, "part_of_speech": 2, "possessive": true, "additional_info": "", "uninflected": false, "tantum": null, "editor": null, "civil_equivalent": 2, "word_forms_list": "", "sg1": "", "sg2": "", "derivation_entry_meaning": null, "genitive": "", "short_form": "", "link_to_phu": null, "gender": null, "grequiv_status": null, "percent_status": 0, "status": 1, "transitivity": null}}, {"pk": 4, "model": "dictionary.entry", "fields": {"link_to_entry": null, "antconc_query": "", "derivation_entry": 1, "part_of_speech": 2, "possessive": true, "additional_info": "", "uninflected": false, "tantum": null, "editor": null, "civil_equivalent": 4, "word_forms_list": "", "sg1": "", "sg2": "", "derivation_entry_meaning": null, "genitive": "", "short_form": "", "link_to_phu": null, "gender": null, "grequiv_status": null, "percent_status": 0, "status": 1, "transitivity": null}}, {"pk": 1, "model": "dictionary.entry", "fields": {"link_to_entry": null, "antconc_query": "", "derivation_entry": null, "part_of_speech": 1, "possessive": false, "additional_info": "", "uninflected": false, "tantum": null, "editor": null, "civil_equivalent": 1, "word_forms_list": "", "sg1": "", "sg2": "", "derivation_entry_meaning": null, "genitive": "\u0430", "short_form": "", "link_to_phu": null, "gender": 1, "grequiv_status": null, "percent_status": 0, "status": 1, "transitivity": null}}, {"pk": 3, "model": "dictionary.entry", "fields": {"link_to_entry": null, "antconc_query": "", "derivation_entry": 1, "part_of_speech": 2, "possessive": true, "additional_info": "", "uninflected": false, "tantum": null, "editor": null, "civil_equivalent": 3, "word_forms_list": "", "sg1": "", "sg2": "", "derivation_entry_meaning": null, "genitive": "", "short_form": "", "link_to_phu": null, "gender": null, "grequiv_status": null, "percent_status": 0, "status": 1, "transitivity": null}}, {"pk": 4, "model": "dictionary.orthographicvariant", "fields": {"idem": "\u0430\u0430\u0440\u043e\u043d\u0441\u043a\u0438\u0439", "is_approved": false, "is_headword": true, "frequency": null, "is_reconstructed": false, "entry": 4, "is_factored_out": false}}, {"pk": 2, "model": "dictionary.orthographicvariant", "fields": {"idem": "\u0430\u0430\u0440\u0461'\u043d\u043e\u0432\u044a", "is_approved": false, "is_headword": true, "frequency": null, "is_reconstructed": false, "entry": 2, "is_factored_out": false}}, {"pk": 1, "model": "dictionary.orthographicvariant", "fields": {"idem": "\u0430\u0430\u0440\u0461'\u043d\u044a", "is_approved": false, "is_headword": true, "frequency": null, "is_reconstructed": false, "entry": 1, "is_factored_out": false}}, {"pk": 3, "model": "dictionary.orthographicvariant", "fields": {"idem": "\u0430\u0430\u0440\u0461'\u043d\u044c", "is_approved": false, "is_headword": true, "frequency": null, "is_reconstructed": false, "entry": 3, "is_factored_out": false}}, {"pk": 1, "model": "dictionary.etymology", "fields": {"language": 3, "text": "}rha", "gloss": "", "order": 1, "meaning": "", "entry": 1, "mark": "", "additional_info": "", "translit": "`ah$rOn", "unclear_etymology": true}}, {"pk": 2, "model": "dictionary.etymology", "fields": {"language": 1, "text": "\uf03e\uf041\uf061\uf072\uf0f0\uf06e", "gloss": "", "order": 2, "meaning": "", "entry": 1, "mark": "", "additional_info": "", "translit": "", "unclear_etymology": false}}, {"pk": 1, "model": "dictionary.propernoun", "fields": {"entry": 1, "canonical_name": true, "onym": 1}}, {"pk": 1, "model": "dictionary.meaningcontext", "fields": {"context_type": "a", "meaning": 1, "left_text": "+", "context": "\u043a\u044a", "right_text": "\u043a\u043e\u043c\u0443/\u0447\u0435\u043c\u0443"}}, {"pk": 1, "model": "dictionary.meaning", "fields": {"link_to_entry": null, "hidden": false, "link_to_meaning": null, "phu_container": null, "metaphorical": false, "link_to_phu": null, "additional_info": "", "meaning": "\u0410\u0430\u0440\u043e\u043d", "entry_container": 1, "gloss": "\u0438\u0437\u0440\u0430\u0438\u043b\u044c\u0441\u043a\u0438\u0439 \u043f\u0435\u0440\u0432\u043e\u0441\u0432\u044f\u0449\u0435\u043d\u043d\u0438\u043a, \u0432\u0435\u0442\u0445\u043e\u0437\u0430\u0432\u0435\u0442\u043d\u044b\u0439 \u043f\u0440\u043e\u0440\u043e\u043a", "parent_meaning": null, "order": 1}}, {"pk": 2, "model": "dictionary.meaning", "fields": {"link_to_entry": null, "hidden": false, "link_to_meaning": null, "phu_container": null, "metaphorical": true, "link_to_phu": null, "additional_info": "", "meaning": "", "entry_container": 1, "gloss": "\u0421\u0438\u043c\u0432\u043e\u043b \u043f\u0435\u0440\u0432\u043e\u0441\u0432\u044f\u0449\u0435\u043d\u043d\u0438\u0447\u0435\u0441\u043a\u043e\u0433\u043e \u0441\u043b\u0443\u0436\u0435\u043d\u0438\u044f", "parent_meaning": null, "order": 2}}, {"pk": 3, "model": "dictionary.meaning", "fields": {"link_to_entry": 2, "hidden": false, "link_to_meaning": null, "phu_container": null, "metaphorical": false, "link_to_phu": null, "additional_info": "", "meaning": "\u043d\u043e\u0432\u043e\u0435 \u0437\u043d\u0430\u0447\u0435\u043d\u0438\u0435", "entry_container": 1, "gloss": "", "parent_meaning": null, "order": 3}}, {"pk": 1, "model": "dictionary.example", "fields": {"translation": "", "address_text": "\u0422\u0426 4 \u0441\u0434\u043c. \u041f\u043e \u041f., \u0412\u0442., \u041f\u0427 \u041c\u0438\u0445 6.4", "example": "\u0437\u0430\u043d\u0435` \u0432\u043e\u0437\u0432\u0435\u0434\u043e'\u0445\u044a \u0432\u044b` \u047f \u0437\u0435\u043c\u043b\u0438` \u0454\u0433\u0475'\u043f\u0435\u0442\u0441\u043a\u0456\u0467, \u0438 \u0438\u0437\u042a \u0434\u043e'\u043c\ua64b \u0440\u0430\u0431\u043e'\u0442\u044b \u0438\u0437\u0431\u0430'\u0432\u0438\u0445\u044a \u0432\u0430'\u0441\u044a, \u0438 \u043f\u043e\u0441\u043b\u0430'\u0445\u044a \u043f\u0440\u0435\u0434\u042a \u043b\u0438\u0446\u0435'\u043c\u044a \u0432\u0430'\u0448\u0438\u043c\u044a \u043c\u0461\u0475\u0441\u0435'\u0430 \u0438 \u0430\u0430\u0440\u0461'\u043d\u0430 \u0438 \u043c\u0430\u0440\u0456\u0430'\u043c\u044a", "meaning": 1, "context": "", "address": null, "hidden": false, "additional_info": "", "order": 1}}, {"pk": 2, "model": "dictionary.example", "fields": {"translation": "", "address_text": "\u041c., 11 \u0434., \u041a., \u043f. 3 \u0441. 187", "example": "\u041f\u0440\u0430'\u047b\u0446~\u0454\u0432\u044a \u0441\u043e\u0431\u043e'\u0440\u044a, \u043f\u0440\u0430\u0437\u0434\u043d\u043e\u043b\u044e'\u0431\u0446\u044b, \u043f\u0440\u0456\u0438\u0434\u0438'\u0442\u0435, \u0471\u0430\u043b\u043e'\u043c\u0441\u043a\u0438 \u0434\u0430 \u0432\u043e\u0441\u0445\u0432\u0430'\u043b\u0438\u043c\u044a, \u043c\u0461\u0475\u0441\u0435'\u0430, \u0438 \u0430\u0430\u0440\u0461'\u043d\u0430", "meaning": 1, "context": "", "address": null, "hidden": false, "additional_info": "", "order": 2}}, {"pk": 3, "model": "dictionary.example", "fields": {"translation": "", "address_text": "\u0410\u043f. \u0421\u043b., \u0415\u0432\u0440., \u043f\u0440\u0435\u0434\u0438\u0441\u043b\u043e\u0432\u0438\u0435 \u043b. 197", "example": "\u0422\u0430'\u043a\u043e\u0436\u0435 \u0441\u043a\u0430\u0437\ua64b'\u0435\u0442\u044a, \ua657'\u043a\u0461 \u0430\u0440\u0445\u0456\u0435\u0440\u0435'\u0439\u0441\u043a\u0430 \u0441\u043b\ua64b'\u0436\u0431\u0430 \u043f\u0440\u0435\u043b\u043e\u0436\u0438'\u0441\u0467 \u047f \u0430\u0430\u0440\u0461'\u043d\u0430 \u0432\u043e \u0445\u0440\u0421\u0442\u0430`, \u0454\u043c\ua64b'\u0436\u0435 \u047b'\u0431\u0440\u0430\u0437\u044a \u0431\u0463` \u043c\u0435\u043b\u0445\u0456\u0441\u0435\u0434\u0435'\u043a\u044a, \u043d\u0435 \u0441\u044b'\u0439 \u047f \u043b\u0435\u0475\u0456'\u0430: \u0432\u0463'\u0440\u043e\u044e \u0436\u0435 \u0461\u043f\u0440\u0430\u0432\u0434\u0430^\u043d\u043d\u044b\u043c\u044a \u0431\u044b'\u0432\u0448\u044b\u043c\u044a \u047b\u0446~\u0454'\u043c\u044a \u0441\u043a\u0430\u0437\ua64b'\u0435\u0442\u044a, \u0430 \u043d\u0435 \u047f \u0434\u0463'\u043b\u044a \u0437\u0430\u043a\u043e'\u043d\u0430", "meaning": 2, "context": "", "address": null, "hidden": false, "additional_info": "", "order": 1}}, {"pk": 2, "model": "dictionary.synonymgroup", "fields": {"entry_synonyms": [2, 4, 3], "base": 3, "phu_synonyms": []}}, {"pk": 3, "model": "directory.partofspeech", "fields": {"abbreviation": "\u0433\u043b.", "name": "\u0433\u043b\u0430\u0433\u043e\u043b"}}, {"pk": 8, "model": "directory.partofspeech", "fields": {"abbreviation": "\u043c\u0435\u0436\u0434.", "name": "\u043c\u0435\u0436\u0434\u043e\u043c\u0435\u0442\u0438\u0435"}}, {"pk": 4, "model": "directory.partofspeech", "fields": {"abbreviation": "\u043c\u0435\u0441\u0442.", "name": "\u043c\u0435\u0441\u0442\u043e\u0438\u043c\u0435\u043d\u0438\u0435"}}, {"pk": 5, "model": "directory.partofspeech", "fields": {"abbreviation": "\u043d\u0430\u0440\u0435\u0447.", "name": "\u043d\u0430\u0440\u0435\u0447\u0438\u0435"}}, {"pk": 7, "model": "directory.partofspeech", "fields": {"abbreviation": "\u043f\u0440\u0435\u0434\u043b.", "name": "\u043f\u0440\u0435\u0434\u043b\u043e\u0433"}}, {"pk": 2, "model": "directory.partofspeech", "fields": {"abbreviation": "\u043f\u0440\u0438\u043b.", "name": "\u043f\u0440\u0438\u043b\u0430\u0433\u0430\u0442\u0435\u043b\u044c\u043d\u043e\u0435"}}, {"pk": 6, "model": "directory.partofspeech", "fields": {"abbreviation": "\u0441\u043e\u044e\u0437", "name": "\u0441\u043e\u044e\u0437"}}, {"pk": 1, "model": "directory.partofspeech", "fields": {"abbreviation": "\u0441\u0443\u0449.", "name": "\u0441\u0443\u0449\u0435\u0441\u0442\u0432\u0438\u0442\u0435\u043b\u044c\u043d\u043e\u0435"}}, {"pk": 9, "model": "directory.partofspeech", "fields": {"abbreviation": "\u0447\u0430\u0441\u0442.", "name": "\u0447\u0430\u0441\u0442\u0438\u0446\u0430"}}, {"pk": 2, "model": "directory.gender", "fields": {"abbreviation": "\u0436.", "name": "\u0436\u0435\u043d\u0441\u043a\u0438\u0439 \u0440\u043e\u0434"}}, {"pk": 1, "model": "directory.gender", "fields": {"abbreviation": "\u043c.", "name": "\u043c\u0443\u0436\u0441\u043a\u043e\u0439 \u0440\u043e\u0434"}}, {"pk": 3, "model": "directory.gender", "fields": {"abbreviation": "\u0441\u0440.", "name": "\u0441\u0440\u0435\u0434\u043d\u0438\u0439 \u0440\u043e\u0434"}}, {"pk": 3, "model": "directory.tantum", "fields": {"abbreviation": "du.", "name": "duale tantum"}}, {"pk": 1, "model": "directory.tantum", "fields": {"abbreviation": "pl.", "name": "plurale tantum"}}, {"pk": 2, "model": "directory.tantum", "fields": {"abbreviation": "sg.", "name": "singulare tantum"}}, {"pk": 1, "model": "directory.onym", "fields": {"abbreviation": "\u0430\u043d\u0442\u0440.", "name": "\u0430\u043d\u0442\u0440\u043e\u043f\u043e\u043d\u0438\u043c"}}, {"pk": 3, "model": "directory.onym", "fields": {"abbreviation": "\u0442\u043e\u043f.", "name": "\u0442\u043e\u043f\u043e\u043d\u0438\u043c"}}, {"pk": 2, "model": "directory.onym", "fields": {"abbreviation": "\u044d\u0442\u043d.", "name": "\u044d\u0442\u043d\u043e\u043d\u0438\u043c"}}, {"pk": 2, "model": "directory.transitivity", "fields": {"abbreviation": "\u043d\u0435\u043f\u0435\u0440\u0435\u0445.", "name": "\u043d\u0435\u043f\u0435\u0440\u0435\u0445\u043e\u0434\u043d\u044b\u0439 \u0433\u043b\u0430\u0433\u043e\u043b"}}, {"pk": 1, "model": "directory.transitivity", "fields": {"abbreviation": "\u043f\u0435\u0440\u0435\u0445.", "name": "\u043f\u0435\u0440\u0435\u0445\u043e\u0434\u043d\u044b\u0439 \u0433\u043b\u0430\u0433\u043e\u043b"}}, {"pk": 9, "model": "directory.language", "fields": {"abbreviation": "\u0430\u043a\u043a\u0430\u0434.", "css_class": null, "translit_css_class": null, "name": "\u0430\u043a\u043a\u0430\u0434\u0441\u043a\u0438\u0439"}}, {"pk": 4, "model": "directory.language", "fields": {"abbreviation": "\u0430\u0440\u0430\u043c.", "css_class": null, "translit_css_class": null, "name": "\u0430\u0440\u0430\u043c\u0435\u0439\u0441\u043a\u0438\u0439"}}, {"pk": 7, "model": "directory.language", "fields": {"abbreviation": "\u0430\u0440\u043c.", "css_class": null, "translit_css_class": null, "name": "\u0430\u0440\u043c\u044f\u043d\u0441\u043a\u0438\u0439"}}, {"pk": 1, "model": "directory.language", "fields": {"abbreviation": "\u0433\u0440\u0435\u0447.", "css_class": "grec", "translit_css_class": "", "name": "\u0433\u0440\u0435\u0447\u0435\u0441\u043a\u0438\u0439"}}, {"pk": 6, "model": "directory.language", "fields": {"abbreviation": "\u0433\u0440\u0443\u0437.", "css_class": null, "translit_css_class": null, "name": "\u0433\u0440\u0443\u0437\u0438\u043d\u0441\u043a\u0438\u0439"}}, {"pk": 3, "model": "directory.language", "fields": {"abbreviation": "\u0438\u0432\u0440.", "css_class": "hebrew", "translit_css_class": "hebrew-translit", "name": "\u0434\u0440\u0435\u0432\u043d\u0435\u0435\u0432\u0440\u0435\u0439\u0441\u043a\u0438\u0439"}}, {"pk": 8, "model": "directory.language", "fields": {"abbreviation": "\u043a\u043e\u043f\u0442.", "css_class": null, "translit_css_class": null, "name": "\u043a\u043e\u043f\u0442\u0441\u043a\u0438\u0439"}}, {"pk": 2, "model": "directory.language", "fields": {"abbreviation": "\u043b\u0430\u0442.", "css_class": null, "translit_css_class": null, "name": "\u043b\u0430\u0442\u0438\u043d\u0441\u043a\u0438\u0439"}}, {"pk": 5, "model": "directory.language", "fields": {"abbreviation": "\u0441\u0438\u0440.", "css_class": null, "translit_css_class": null, "name": "\u0441\u0438\u0440\u0438\u0439\u0441\u043a\u0438\u0439"}}, {"pk": 1, "model": "directory.entrystatus", "fields": {"status": "\u0441\u043e\u0437\u0434\u0430\u043d\u0430", "order": 0}}, {"pk": 2, "model": "directory.entrystatus", "fields": {"status": "\u0432 \u0440\u0430\u0431\u043e\u0442\u0435", "order": 1}}, {"pk": 3, "model": "directory.entrystatus", "fields": {"status": "\u0437\u0430\u0432\u0435\u0440\u0448\u0435\u043d\u0430", "order": 2}}, {"pk": 4, "model": "directory.entrystatus", "fields": {"status": "\u0443\u0442\u0432\u0435\u0440\u0436\u0434\u0435\u043d\u0430", "order": 3}}, {"pk": 22, "model": "auth.permission", "fields": {"codename": "add_logentry", "name": "Can add log entry", "content_type": 8}}, {"pk": 23, "model": "auth.permission", "fields": {"codename": "change_logentry", "name": "Can change log entry", "content_type": 8}}, {"pk": 24, "model": "auth.permission", "fields": {"codename": "delete_logentry", "name": "Can delete log entry", "content_type": 8}}, {"pk": 4, "model": "auth.permission", "fields": {"codename": "add_group", "name": "Can add group", "content_type": 2}}, {"pk": 5, "model": "auth.permission", "fields": {"codename": "change_group", "name": "Can change group", "content_type": 2}}, {"pk": 6, "model": "auth.permission", "fields": {"codename": "delete_group", "name": "Can delete group", "content_type": 2}}, {"pk": 10, "model": "auth.permission", "fields": {"codename": "add_message", "name": "Can add message", "content_type": 4}}, {"pk": 11, "model": "auth.permission", "fields": {"codename": "change_message", "name": "Can change message", "content_type": 4}}, {"pk": 12, "model": "auth.permission", "fields": {"codename": "delete_message", "name": "Can delete message", "content_type": 4}}, {"pk": 1, "model": "auth.permission", "fields": {"codename": "add_permission", "name": "Can add permission", "content_type": 1}}, {"pk": 2, "model": "auth.permission", "fields": {"codename": "change_permission", "name": "Can change permission", "content_type": 1}}, {"pk": 3, "model": "auth.permission", "fields": {"codename": "delete_permission", "name": "Can delete permission", "content_type": 1}}, {"pk": 7, "model": "auth.permission", "fields": {"codename": "add_user", "name": "Can add user", "content_type": 3}}, {"pk": 8, "model": "auth.permission", "fields": {"codename": "change_user", "name": "Can change user", "content_type": 3}}, {"pk": 9, "model": "auth.permission", "fields": {"codename": "delete_user", "name": "Can delete user", "content_type": 3}}, {"pk": 13, "model": "auth.permission", "fields": {"codename": "add_contenttype", "name": "Can add content type", "content_type": 5}}, {"pk": 14, "model": "auth.permission", "fields": {"codename": "change_contenttype", "name": "Can change content type", "content_type": 5}}, {"pk": 15, "model": "auth.permission", "fields": {"codename": "delete_contenttype", "name": "Can delete content type", "content_type": 5}}, {"pk": 97, "model": "auth.permission", "fields": {"codename": "add_customuser", "name": "Can add \u043f\u043e\u043b\u044c\u0437\u043e\u0432\u0430\u0442\u0435\u043b\u044c", "content_type": 33}}, {"pk": 98, "model": "auth.permission", "fields": {"codename": "change_customuser", "name": "Can change \u043f\u043e\u043b\u044c\u0437\u043e\u0432\u0430\u0442\u0435\u043b\u044c", "content_type": 33}}, {"pk": 99, "model": "auth.permission", "fields": {"codename": "delete_customuser", "name": "Can delete \u043f\u043e\u043b\u044c\u0437\u043e\u0432\u0430\u0442\u0435\u043b\u044c", "content_type": 33}}, {"pk": 49, "model": "auth.permission", "fields": {"codename": "add_address", "name": "Can add \u0430\u0434\u0440\u0435\u0441", "content_type": 17}}, {"pk": 50, "model": "auth.permission", "fields": {"codename": "change_address", "name": "Can change \u0430\u0434\u0440\u0435\u0441", "content_type": 17}}, {"pk": 51, "model": "auth.permission", "fields": {"codename": "delete_address", "name": "Can delete \u0430\u0434\u0440\u0435\u0441", "content_type": 17}}, {"pk": 25, "model": "auth.permission", "fields": {"codename": "add_civilequivalent", "name": "Can add \u044d\u043a\u0432\u0438\u0432\u0430\u043b\u0435\u043d\u0442 \u0432 \u0433\u0440\u0430\u0436\u0434\u0430\u043d\u0441\u043a\u043e\u043c \u043d\u0430\u043f\u0438\u0441\u0430\u043d\u0438\u0438", "content_type": 9}}, {"pk": 26, "model": "auth.permission", "fields": {"codename": "change_civilequivalent", "name": "Can change \u044d\u043a\u0432\u0438\u0432\u0430\u043b\u0435\u043d\u0442 \u0432 \u0433\u0440\u0430\u0436\u0434\u0430\u043d\u0441\u043a\u043e\u043c \u043d\u0430\u043f\u0438\u0441\u0430\u043d\u0438\u0438", "content_type": 9}}, {"pk": 27, "model": "auth.permission", "fields": {"codename": "delete_civilequivalent", "name": "Can delete \u044d\u043a\u0432\u0438\u0432\u0430\u043b\u0435\u043d\u0442 \u0432 \u0433\u0440\u0430\u0436\u0434\u0430\u043d\u0441\u043a\u043e\u043c \u043d\u0430\u043f\u0438\u0441\u0430\u043d\u0438\u0438", "content_type": 9}}, {"pk": 31, "model": "auth.permission", "fields": {"codename": "add_entry", "name": "Can add \u0441\u043b\u043e\u0432\u0430\u0440\u043d\u0430\u044f \u0441\u0442\u0430\u0442\u044c\u044f", "content_type": 11}}, {"pk": 32, "model": "auth.permission", "fields": {"codename": "change_entry", "name": "Can change \u0441\u043b\u043e\u0432\u0430\u0440\u043d\u0430\u044f \u0441\u0442\u0430\u0442\u044c\u044f", "content_type": 11}}, {"pk": 33, "model": "auth.permission", "fields": {"codename": "delete_entry", "name": "Can delete \u0441\u043b\u043e\u0432\u0430\u0440\u043d\u0430\u044f \u0441\u0442\u0430\u0442\u044c\u044f", "content_type": 11}}, {"pk": 37, "model": "auth.permission", "fields": {"codename": "add_etymology", "name": "Can add \u044d\u0442\u0438\u043c\u043e\u043b\u043e\u0433\u0438\u044f \u0441\u043b\u043e\u0432\u0430", "content_type": 13}}, {"pk": 38, "model": "auth.permission", "fields": {"codename": "change_etymology", "name": "Can change \u044d\u0442\u0438\u043c\u043e\u043b\u043e\u0433\u0438\u044f \u0441\u043b\u043e\u0432\u0430", "content_type": 13}}, {"pk": 39, "model": "auth.permission", "fields": {"codename": "delete_etymology", "name": "Can delete \u044d\u0442\u0438\u043c\u043e\u043b\u043e\u0433\u0438\u044f \u0441\u043b\u043e\u0432\u0430", "content_type": 13}}, {"pk": 52, "model": "auth.permission", "fields": {"codename": "add_example", "name": "Can add \u043f\u0440\u0438\u043c\u0435\u0440", "content_type": 18}}, {"pk": 53, "model": "auth.permission", "fields": {"codename": "change_example", "name": "Can change \u043f\u0440\u0438\u043c\u0435\u0440", "content_type": 18}}, {"pk": 54, "model": "auth.permission", "fields": {"codename": "delete_example", "name": "Can delete \u043f\u0440\u0438\u043c\u0435\u0440", "content_type": 18}}, {"pk": 46, "model": "auth.permission", "fields": {"codename": "add_meaning", "name": "Can add \u0437\u043d\u0430\u0447\u0435\u043d\u0438\u0435", "content_type": 16}}, {"pk": 47, "model": "auth.permission", "fields": {"codename": "change_meaning", "name": "Can change \u0437\u043d\u0430\u0447\u0435\u043d\u0438\u0435", "content_type": 16}}, {"pk": 48, "model": "auth.permission", "fields": {"codename": "delete_meaning", "name": "Can delete \u0437\u043d\u0430\u0447\u0435\u043d\u0438\u0435", "content_type": 16}}, {"pk": 43, "model": "auth.permission", "fields": {"codename": "add_meaningcontext", "name": "Can add \u043a\u043e\u043d\u0442\u0435\u043a\u0441\u0442 \u0437\u043d\u0430\u0447\u0435\u043d\u0438\u044f", "content_type": 15}}, {"pk": 44, "model": "auth.permission", "fields": {"codename": "change_meaningcontext", "name": "Can change \u043a\u043e\u043d\u0442\u0435\u043a\u0441\u0442 \u0437\u043d\u0430\u0447\u0435\u043d\u0438\u044f", "content_type": 15}}, {"pk": 45, "model": "auth.permission", "fields": {"codename": "delete_meaningcontext", "name": "Can delete \u043a\u043e\u043d\u0442\u0435\u043a\u0441\u0442 \u0437\u043d\u0430\u0447\u0435\u043d\u0438\u044f", "content_type": 15}}, {"pk": 34, "model": "auth.permission", "fields": {"codename": "add_orthographicvariant", "name": "Can add \u043e\u0440\u0444\u043e\u0433\u0440\u0430\u0444\u0438\u0447\u0435\u0441\u043a\u0438\u0439 \u0432\u0430\u0440\u0438\u0430\u043d\u0442", "content_type": 12}}, {"pk": 35, "model": "auth.permission", "fields": {"codename": "change_orthographicvariant", "name": "Can change \u043e\u0440\u0444\u043e\u0433\u0440\u0430\u0444\u0438\u0447\u0435\u0441\u043a\u0438\u0439 \u0432\u0430\u0440\u0438\u0430\u043d\u0442", "content_type": 12}}, {"pk": 36, "model": "auth.permission", "fields": {"codename": "delete_orthographicvariant", "name": "Can delete \u043e\u0440\u0444\u043e\u0433\u0440\u0430\u0444\u0438\u0447\u0435\u0441\u043a\u0438\u0439 \u0432\u0430\u0440\u0438\u0430\u043d\u0442", "content_type": 12}}, {"pk": 55, "model": "auth.permission", "fields": {"codename": "add_phraseologicalunit", "name": "Can add \u0444\u0440\u0430\u0437\u0435\u043e\u043b\u043e\u0433\u0438\u0447\u0435\u0441\u043a\u043e\u0435 \u0441\u043e\u0447\u0435\u0442\u0430\u043d\u0438\u0435", "content_type": 19}}, {"pk": 56, "model": "auth.permission", "fields": {"codename": "change_phraseologicalunit", "name": "Can change \u0444\u0440\u0430\u0437\u0435\u043e\u043b\u043e\u0433\u0438\u0447\u0435\u0441\u043a\u043e\u0435 \u0441\u043e\u0447\u0435\u0442\u0430\u043d\u0438\u0435", "content_type": 19}}, {"pk": 57, "model": "auth.permission", "fields": {"codename": "delete_phraseologicalunit", "name": "Can delete \u0444\u0440\u0430\u0437\u0435\u043e\u043b\u043e\u0433\u0438\u0447\u0435\u0441\u043a\u043e\u0435 \u0441\u043e\u0447\u0435\u0442\u0430\u043d\u0438\u0435", "content_type": 19}}, {"pk": 40, "model": "auth.permission", "fields": {"codename": "add_propernoun", "name": "Can add \u0438\u043c\u044f \u0441\u043e\u0431\u0441\u0442\u0432\u0435\u043d\u043d\u043e\u0435", "content_type": 14}}, {"pk": 41, "model": "auth.permission", "fields": {"codename": "change_propernoun", "name": "Can change \u0438\u043c\u044f \u0441\u043e\u0431\u0441\u0442\u0432\u0435\u043d\u043d\u043e\u0435", "content_type": 14}}, {"pk": 42, "model": "auth.permission", "fields": {"codename": "delete_propernoun", "name": "Can delete \u0438\u043c\u044f \u0441\u043e\u0431\u0441\u0442\u0432\u0435\u043d\u043d\u043e\u0435", "content_type": 14}}, {"pk": 58, "model": "auth.permission", "fields": {"codename": "add_symrelation", "name": "Can add \u0441\u0438\u043c\u043c\u0435\u0442\u0440\u0438\u0447\u043d\u043e\u0435 \u0442\u0440\u0430\u043d\u0437\u0438\u0442\u0438\u0432\u043d\u043e\u0435 \u043e\u0442\u043d\u043e\u0448\u0435\u043d\u0438\u0435", "content_type": 20}}, {"pk": 59, "model": "auth.permission", "fields": {"codename": "change_symrelation", "name": "Can change \u0441\u0438\u043c\u043c\u0435\u0442\u0440\u0438\u0447\u043d\u043e\u0435 \u0442\u0440\u0430\u043d\u0437\u0438\u0442\u0438\u0432\u043d\u043e\u0435 \u043e\u0442\u043d\u043e\u0448\u0435\u043d\u0438\u0435", "content_type": 20}}, {"pk": 60, "model": "auth.permission", "fields": {"codename": "delete_symrelation", "name": "Can delete \u0441\u0438\u043c\u043c\u0435\u0442\u0440\u0438\u0447\u043d\u043e\u0435 \u0442\u0440\u0430\u043d\u0437\u0438\u0442\u0438\u0432\u043d\u043e\u0435 \u043e\u0442\u043d\u043e\u0448\u0435\u043d\u0438\u0435", "content_type": 20}}, {"pk": 61, "model": "auth.permission", "fields": {"codename": "add_synonymgroup", "name": "Can add \u0433\u0440\u0443\u043f\u043f\u0430 \u0441\u0438\u043d\u043e\u043d\u0438\u043c\u043e\u0432", "content_type": 21}}, {"pk": 62, "model": "auth.permission", "fields": {"codename": "change_synonymgroup", "name": "Can change \u0433\u0440\u0443\u043f\u043f\u0430 \u0441\u0438\u043d\u043e\u043d\u0438\u043c\u043e\u0432", "content_type": 21}}, {"pk": 63, "model": "auth.permission", "fields": {"codename": "delete_synonymgroup", "name": "Can delete \u0433\u0440\u0443\u043f\u043f\u0430 \u0441\u0438\u043d\u043e\u043d\u0438\u043c\u043e\u0432", "content_type": 21}}, {"pk": 28, "model": "auth.permission", "fields": {"codename": "add_wordform", "name": "Can add word form", "content_type": 10}}, {"pk": 29, "model": "auth.permission", "fields": {"codename": "change_wordform", "name": "Can change word form", "content_type": 10}}, {"pk": 30, "model": "auth.permission", "fields": {"codename": "delete_wordform", "name": "Can delete word form", "content_type": 10}}, {"pk": 64, "model": "auth.permission", "fields": {"codename": "add_category", "name": "Can add category", "content_type": 22}}, {"pk": 65, "model": "auth.permission", "fields": {"codename": "change_category", "name": "Can change category", "content_type": 22}}, {"pk": 66, "model": "auth.permission", "fields": {"codename": "delete_category", "name": "Can delete category", "content_type": 22}}, {"pk": 67, "model": "auth.permission", "fields": {"codename": "add_categoryvalue", "name": "Can add category value", "content_type": 23}}, {"pk": 68, "model": "auth.permission", "fields": {"codename": "change_categoryvalue", "name": "Can change category value", "content_type": 23}}, {"pk": 69, "model": "auth.permission", "fields": {"codename": "delete_categoryvalue", "name": "Can delete category value", "content_type": 23}}, {"pk": 94, "model": "auth.permission", "fields": {"codename": "add_entrystatus", "name": "Can add \u0441\u0442\u0430\u0442\u0443\u0441 \u0441\u043b\u043e\u0432\u0430\u0440\u043d\u043e\u0439 \u0441\u0442\u0430\u0442\u044c\u0438", "content_type": 32}}, {"pk": 95, "model": "auth.permission", "fields": {"codename": "change_entrystatus", "name": "Can change \u0441\u0442\u0430\u0442\u0443\u0441 \u0441\u043b\u043e\u0432\u0430\u0440\u043d\u043e\u0439 \u0441\u0442\u0430\u0442\u044c\u0438", "content_type": 32}}, {"pk": 96, "model": "auth.permission", "fields": {"codename": "delete_entrystatus", "name": "Can delete \u0441\u0442\u0430\u0442\u0443\u0441 \u0441\u043b\u043e\u0432\u0430\u0440\u043d\u043e\u0439 \u0441\u0442\u0430\u0442\u044c\u0438", "content_type": 32}}, {"pk": 73, "model": "auth.permission", "fields": {"codename": "add_gender", "name": "Can add \u0433\u0440\u0430\u043c\u043c\u0430\u0442\u0438\u0447\u0435\u0441\u043a\u0438\u0439 \u0440\u043e\u0434", "content_type": 25}}, {"pk": 74, "model": "auth.permission", "fields": {"codename": "change_gender", "name": "Can change \u0433\u0440\u0430\u043c\u043c\u0430\u0442\u0438\u0447\u0435\u0441\u043a\u0438\u0439 \u0440\u043e\u0434", "content_type": 25}}, {"pk": 75, "model": "auth.permission", "fields": {"codename": "delete_gender", "name": "Can delete \u0433\u0440\u0430\u043c\u043c\u0430\u0442\u0438\u0447\u0435\u0441\u043a\u0438\u0439 \u0440\u043e\u0434", "content_type": 25}}, {"pk": 91, "model": "auth.permission", "fields": {"codename": "add_language", "name": "Can add \u044f\u0437\u044b\u043a", "content_type": 31}}, {"pk": 92, "model": "auth.permission", "fields": {"codename": "change_language", "name": "Can change \u044f\u0437\u044b\u043a", "content_type": 31}}, {"pk": 93, "model": "auth.permission", "fields": {"codename": "delete_language", "name": "Can delete \u044f\u0437\u044b\u043a", "content_type": 31}}, {"pk": 79, "model": "auth.permission", "fields": {"codename": "add_onym", "name": "Can add \u0442\u0438\u043f \u0438\u043c\u0435\u043d\u0438 \u0441\u043e\u0431\u0441\u0442\u0432\u0435\u043d\u043d\u043e\u0433\u043e", "content_type": 27}}, {"pk": 80, "model": "auth.permission", "fields": {"codename": "change_onym", "name": "Can change \u0442\u0438\u043f \u0438\u043c\u0435\u043d\u0438 \u0441\u043e\u0431\u0441\u0442\u0432\u0435\u043d\u043d\u043e\u0433\u043e", "content_type": 27}}, {"pk": 81, "model": "auth.permission", "fields": {"codename": "delete_onym", "name": "Can delete \u0442\u0438\u043f \u0438\u043c\u0435\u043d\u0438 \u0441\u043e\u0431\u0441\u0442\u0432\u0435\u043d\u043d\u043e\u0433\u043e", "content_type": 27}}, {"pk": 70, "model": "auth.permission", "fields": {"codename": "add_partofspeech", "name": "Can add \u0447\u0430\u0441\u0442\u044c \u0440\u0435\u0447\u0438", "content_type": 24}}, {"pk": 71, "model": "auth.permission", "fields": {"codename": "change_partofspeech", "name": "Can change \u0447\u0430\u0441\u0442\u044c \u0440\u0435\u0447\u0438", "content_type": 24}}, {"pk": 72, "model": "auth.permission", "fields": {"codename": "delete_partofspeech", "name": "Can delete \u0447\u0430\u0441\u0442\u044c \u0440\u0435\u0447\u0438", "content_type": 24}}, {"pk": 88, "model": "auth.permission", "fields": {"codename": "add_subcatframe", "name": "Can add \u043c\u043e\u0434\u0435\u043b\u044c \u0443\u043f\u0440\u0430\u0432\u043b\u0435\u043d\u0438\u044f", "content_type": 30}}, {"pk": 89, "model": "auth.permission", "fields": {"codename": "change_subcatframe", "name": "Can change \u043c\u043e\u0434\u0435\u043b\u044c \u0443\u043f\u0440\u0430\u0432\u043b\u0435\u043d\u0438\u044f", "content_type": 30}}, {"pk": 90, "model": "auth.permission", "fields": {"codename": "delete_subcatframe", "name": "Can delete \u043c\u043e\u0434\u0435\u043b\u044c \u0443\u043f\u0440\u0430\u0432\u043b\u0435\u043d\u0438\u044f", "content_type": 30}}, {"pk": 85, "model": "auth.permission", "fields": {"codename": "add_syntargument", "name": "Can add \u0441\u0438\u043d\u0442\u0430\u043a\u0441\u0438\u0447\u0435\u0441\u043a\u0438\u0439 \u0430\u0440\u0433\u0443\u043c\u0435\u043d\u0442", "content_type": 29}}, {"pk": 86, "model": "auth.permission", "fields": {"codename": "change_syntargument", "name": "Can change \u0441\u0438\u043d\u0442\u0430\u043a\u0441\u0438\u0447\u0435\u0441\u043a\u0438\u0439 \u0430\u0440\u0433\u0443\u043c\u0435\u043d\u0442", "content_type": 29}}, {"pk": 87, "model": "auth.permission", "fields": {"codename": "delete_syntargument", "name": "Can delete \u0441\u0438\u043d\u0442\u0430\u043a\u0441\u0438\u0447\u0435\u0441\u043a\u0438\u0439 \u0430\u0440\u0433\u0443\u043c\u0435\u043d\u0442", "content_type": 29}}, {"pk": 76, "model": "auth.permission", "fields": {"codename": "add_tantum", "name": "Can add tantum", "content_type": 26}}, {"pk": 77, "model": "auth.permission", "fields": {"codename": "change_tantum", "name": "Can change tantum", "content_type": 26}}, {"pk": 78, "model": "auth.permission", "fields": {"codename": "delete_tantum", "name": "Can delete tantum", "content_type": 26}}, {"pk": 82, "model": "auth.permission", "fields": {"codename": "add_transitivity", "name": "Can add \u043f\u0435\u0440\u0435\u0445\u043e\u0434\u043d\u043e\u0441\u0442\u044c \u0433\u043b\u0430\u0433\u043e\u043b\u0430", "content_type": 28}}, {"pk": 83, "model": "auth.permission", "fields": {"codename": "change_transitivity", "name": "Can change \u043f\u0435\u0440\u0435\u0445\u043e\u0434\u043d\u043e\u0441\u0442\u044c \u0433\u043b\u0430\u0433\u043e\u043b\u0430", "content_type": 28}}, {"pk": 84, "model": "auth.permission", "fields": {"codename": "delete_transitivity", "name": "Can delete \u043f\u0435\u0440\u0435\u0445\u043e\u0434\u043d\u043e\u0441\u0442\u044c \u0433\u043b\u0430\u0433\u043e\u043b\u0430", "content_type": 28}}, {"pk": 16, "model": "auth.permission", "fields": {"codename": "add_session", "name": "Can add session", "content_type": 6}}, {"pk": 17, "model": "auth.permission", "fields": {"codename": "change_session", "name": "Can change session", "content_type": 6}}, {"pk": 18, "model": "auth.permission", "fields": {"codename": "delete_session", "name": "Can delete session", "content_type": 6}}, {"pk": 19, "model": "auth.permission", "fields": {"codename": "add_site", "name": "Can add site", "content_type": 7}}, {"pk": 20, "model": "auth.permission", "fields": {"codename": "change_site", "name": "Can change site", "content_type": 7}}, {"pk": 21, "model": "auth.permission", "fields": {"codename": "delete_site", "name": "Can delete site", "content_type": 7}}, {"pk": 1, "model": "auth.user", "fields": {"username": "imperfect", "first_name": "\u0418\u0432\u0430\u043d", "last_name": "\u0414\u043e\u0431\u0440\u043e\u0432\u043e\u043b\u044c\u0441\u043a\u0438\u0439", "is_active": true, "is_superuser": true, "is_staff": true, "last_login": "2010-09-12 04:32:17", "groups": [], "user_permissions": [], "password": "sha1$ba66f$6eab4aba403963d01d53352a6bd57fbdbbbd6515", "email": "imperfect@yandex.ru", "date_joined": "2010-09-12 04:29:40"}}, {"pk": 2, "model": "auth.user", "fields": {"username": "kraveckij", "first_name": "\u0410\u043b\u0435\u043a\u0441\u0430\u043d\u0434\u0440", "last_name": "\u041a\u0440\u0430\u0432\u0435\u0446\u043a\u0438\u0439", "is_active": true, "is_superuser": false, "is_staff": true, "last_login": "2010-09-12 04:34:47", "groups": [], "user_permissions": [], "password": "sha1$b53b5$7e147ceb8c04f97a8d904a621f4140b018f1a589", "email": "krav62@mail.ru", "date_joined": "2010-09-12 04:34:47"}}, {"pk": 3, "model": "auth.user", "fields": {"username": "ludenhof", "first_name": "\u0424\u0435\u0434\u043e\u0440", "last_name": "\u041b\u044e\u0434\u043e\u0433\u043e\u0432\u0441\u043a\u0438\u0439", "is_active": true, "is_superuser": false, "is_staff": false, "last_login": "2010-09-12 04:38:10", "groups": [], "user_permissions": [], "password": "sha1$81782$1cbedb8256129bc4b0632bb34cc201d0a310a209", "email": "ludenhof@gmail.com", "date_joined": "2010-09-12 04:38:10"}}, {"pk": 4, "model": "auth.user", "fields": {"username": "bugaeva", "first_name": "\u0418\u0440\u0438\u043d\u0430", "last_name": "\u0411\u0443\u0433\u0430\u0435\u0432\u0430", "is_active": true, "is_superuser": false, "is_staff": false, "last_login": "2010-09-12 04:45:55", "groups": [], "user_permissions": [], "password": "sha1$1f916$2d8f949e689469aaf8a5770d3f14032e91069fbf", "email": "bugaevaiv@mail.ru", "date_joined": "2010-09-12 04:45:55"}}, {"pk": 5, "model": "auth.user", "fields": {"username": "kazimova", "first_name": "\u0413\u0430\u043b\u0438\u043d\u0430", "last_name": "\u041a\u0430\u0437\u0438\u043c\u043e\u0432\u0430", "is_active": true, "is_superuser": false, "is_staff": false, "last_login": "2010-09-12 04:48:04", "groups": [], "user_permissions": [], "password": "sha1$87db2$b7947b9ef4ab77892083df5d4740a403fd3616d3", "email": "galalexandr@gmail.com", "date_joined": "2010-09-12 04:48:04"}}, {"pk": 6, "model": "auth.user", "fields": {"username": "kaluzhnina", "first_name": "\u041d\u0430\u0434\u0435\u0436\u0434\u0430", "last_name": "\u041a\u0430\u043b\u0443\u0436\u043d\u0438\u043d\u0430", "is_active": true, "is_superuser": false, "is_staff": false, "last_login": "2010-09-12 04:51:45", "groups": [], "user_permissions": [], "password": "sha1$12c78$a71311b234d041e998309931c518474c9147d285", "email": "nkaluzhnina@yandex.ru", "date_joined": "2010-09-12 04:51:45"}}, {"pk": 7, "model": "auth.user", "fields": {"username": "kolyada", "first_name": "\u0415\u043b\u0435\u043d\u0430", "last_name": "\u041a\u043e\u043b\u044f\u0434\u0430", "is_active": true, "is_superuser": false, "is_staff": false, "last_login": "2010-09-12 04:53:42", "groups": [], "user_permissions": [], "password": "sha1$85658$e0bad971db0c39c78094be2fd2d24e5654ebc506", "email": "lena_kolyada@mail.ru", "date_joined": "2010-09-12 04:53:42"}}, {"pk": 8, "model": "auth.user", "fields": {"username": "kornilaeva", "first_name": "\u0418\u0440\u0438\u043d\u0430", "last_name": "\u041a\u043e\u0440\u043d\u0438\u043b\u0430\u0435\u0432\u0430", "is_active": true, "is_superuser": false, "is_staff": false, "last_login": "2010-09-12 05:12:03", "groups": [], "user_permissions": [], "password": "sha1$bdf83$394ff289c0994bc3060d6822e232f4bffa4f074c", "email": "warzon2007@yandex.ru", "date_joined": "2010-09-12 05:12:03"}}, {"pk": 9, "model": "auth.user", "fields": {"username": "marsheva", "first_name": "\u041b\u0430\u0440\u0438\u0441\u0430", "last_name": "\u041c\u0430\u0440\u0448\u0435\u0432\u0430", "is_active": true, "is_superuser": false, "is_staff": false, "last_login": "2010-09-12 05:27:00", "groups": [], "user_permissions": [], "password": "sha1$f5a68$8bcc57ad1d73246cabc81a8f82b6b6452d68dd5e", "email": "fiviada75@gmail.com", "date_joined": "2010-09-12 05:27:00"}}, {"pk": 10, "model": "auth.user", "fields": {"username": "novak", "first_name": "\u041c\u0430\u0440\u0438\u044f", "last_name": "\u041d\u043e\u0432\u0430\u043a", "is_active": true, "is_superuser": false, "is_staff": false, "last_login": "2010-09-12 05:30:25", "groups": [], "user_permissions": [], "password": "sha1$d7647$d44332bf35f0608751e71071bbcc94bd94bbb689", "email": "mariaonovak@gmail.com", "date_joined": "2010-09-12 05:30:25"}}, {"pk": 11, "model": "auth.user", "fields": {"username": "petrova", "first_name": "\u0421\u0432\u0435\u0442\u043b\u0430\u043d\u0430", "last_name": "\u041f\u0435\u0442\u0440\u043e\u0432\u0430", "is_active": true, "is_superuser": false, "is_staff": false, "last_login": "2010-09-12 05:35:06", "groups": [], "user_permissions": [], "password": "sha1$3d0d2$8c20f2ce21dac119a24eacd790cdd61cfcba30c2", "email": "svp-fil@mail.ru", "date_joined": "2010-09-12 05:35:06"}}, {"pk": 12, "model": "auth.user", "fields": {"username": "pletneva", "first_name": "\u0410\u043b\u0435\u043a\u0441\u0430\u043d\u0434\u0440\u0430", "last_name": "\u041f\u043b\u0435\u0442\u043d\u0451\u0432\u0430", "is_active": true, "is_superuser": false, "is_staff": false, "last_login": "2010-09-12 05:36:33", "groups": [], "user_permissions": [], "password": "sha1$5fc8e$d1f98b355e0b84b6132eef6ce9f3c3998cfe2b54", "email": "apletneva@list.ru", "date_joined": "2010-09-12 05:36:33"}}, {"pk": 13, "model": "auth.user", "fields": {"username": "sosnickaja", "first_name": "\u0414\u0430\u0440\u044c\u044f", "last_name": "\u0421\u043e\u0441\u043d\u0438\u0446\u043a\u0430\u044f", "is_active": true, "is_superuser": false, "is_staff": false, "last_login": "2010-09-12 05:38:17", "groups": [], "user_permissions": [], "password": "sha1$c9127$bbea5ae8027baf0ca98c3491e6c05b0f7a172fd8", "email": "sosnitskayadv@gmail.com", "date_joined": "2010-09-12 05:38:17"}}, {"pk": 14, "model": "auth.user", "fields": {"username": "khitrov", "first_name": "\u0410\u043d\u0434\u0440\u0435\u0439", "last_name": "\u0425\u0438\u0442\u0440\u043e\u0432", "is_active": true, "is_superuser": true, "is_staff": true, "last_login": "2010-09-21 14:53:31", "groups": [], "user_permissions": [], "password": "sha1$5e226$dc7d34f8ad60dfc4f85e780ba9b29b0af79254d6", "email": "a.n.khitrov@gmail.com", "date_joined": "2010-09-12 05:40:09"}}, {"pk": 4, "model": "custom_user.customuser", "fields": {"user_permissions": [], "second_name": "\u0412\u043b\u0430\u0434\u0438\u043c\u0438\u0440\u043e\u0432\u043d\u0430", "groups": []}}, {"pk": 1, "model": "custom_user.customuser", "fields": {"user_permissions": [], "second_name": "\u0421\u0435\u0440\u0433\u0435\u0435\u0432\u0438\u0447", "groups": []}}, {"pk": 5, "model": "custom_user.customuser", "fields": {"user_permissions": [], "second_name": "\u0410\u043b\u0435\u043a\u0441\u0430\u043d\u0434\u0440\u043e\u0432\u043d\u0430", "groups": []}}, {"pk": 6, "model": "custom_user.customuser", "fields": {"user_permissions": [], "second_name": "\u0412\u0438\u043a\u0442\u043e\u0440\u043e\u0432\u043d\u0430", "groups": []}}, {"pk": 7, "model": "custom_user.customuser", "fields": {"user_permissions": [], "second_name": "\u0418\u0432\u0430\u043d\u043e\u0432\u043d\u0430", "groups": []}}, {"pk": 8, "model": "custom_user.customuser", "fields": {"user_permissions": [], "second_name": "\u0410\u043b\u0435\u043a\u0441\u0435\u0435\u0432\u043d\u0430", "groups": []}}, {"pk": 2, "model": "custom_user.customuser", "fields": {"user_permissions": [], "second_name": "\u0413\u0435\u043d\u043d\u0430\u0434\u044c\u0435\u0432\u0438\u0447", "groups": []}}, {"pk": 3, "model": "custom_user.customuser", "fields": {"user_permissions": [], "second_name": "\u0411\u043e\u0440\u0438\u0441\u043e\u0432\u0438\u0447", "groups": []}}, {"pk": 9, "model": "custom_user.customuser", "fields": {"user_permissions": [], "second_name": "\u0418\u0432\u0430\u043d\u043e\u0432\u043d\u0430", "groups": []}}, {"pk": 10, "model": "custom_user.customuser", "fields": {"user_permissions": [], "second_name": "\u041e\u043b\u0435\u0433\u043e\u0432\u043d\u0430", "groups": []}}, {"pk": 11, "model": "custom_user.customuser", "fields": {"user_permissions": [], "second_name": "\u0412\u043b\u0430\u0434\u0438\u043c\u0438\u0440\u043e\u0432\u043d\u0430", "groups": []}}, {"pk": 12, "model": "custom_user.customuser", "fields": {"user_permissions": [], "second_name": "\u0410\u043d\u0434\u0440\u0435\u0435\u0432\u043d\u0430", "groups": []}}, {"pk": 13, "model": "custom_user.customuser", "fields": {"user_permissions": [], "second_name": "\u0412\u0430\u043b\u0435\u0440\u044c\u0435\u0432\u043d\u0430", "groups": []}}, {"pk": 14, "model": "custom_user.customuser", "fields": {"user_permissions": [], "second_name": "\u041d\u0438\u043a\u043e\u043b\u0430\u0435\u0432\u0438\u0447", "groups": []}}]
