[{"pk": 22, "model": "auth.permission", "fields": {"codename": "add_logentry", "name": "Can add log entry", "content_type": 8}}, {"pk": 23, "model": "auth.permission", "fields": {"codename": "change_logentry", "name": "Can change log entry", "content_type": 8}}, {"pk": 24, "model": "auth.permission", "fields": {"codename": "delete_logentry", "name": "Can delete log entry", "content_type": 8}}, {"pk": 4, "model": "auth.permission", "fields": {"codename": "add_group", "name": "Can add group", "content_type": 2}}, {"pk": 10, "model": "auth.permission", "fields": {"codename": "add_message", "name": "Can add message", "content_type": 4}}, {"pk": 1, "model": "auth.permission", "fields": {"codename": "add_permission", "name": "Can add permission", "content_type": 1}}, {"pk": 7, "model": "auth.permission", "fields": {"codename": "add_user", "name": "Can add user", "content_type": 3}}, {"pk": 5, "model": "auth.permission", "fields": {"codename": "change_group", "name": "Can change group", "content_type": 2}}, {"pk": 11, "model": "auth.permission", "fields": {"codename": "change_message", "name": "Can change message", "content_type": 4}}, {"pk": 2, "model": "auth.permission", "fields": {"codename": "change_permission", "name": "Can change permission", "content_type": 1}}, {"pk": 8, "model": "auth.permission", "fields": {"codename": "change_user", "name": "Can change user", "content_type": 3}}, {"pk": 6, "model": "auth.permission", "fields": {"codename": "delete_group", "name": "Can delete group", "content_type": 2}}, {"pk": 12, "model": "auth.permission", "fields": {"codename": "delete_message", "name": "Can delete message", "content_type": 4}}, {"pk": 3, "model": "auth.permission", "fields": {"codename": "delete_permission", "name": "Can delete permission", "content_type": 1}}, {"pk": 9, "model": "auth.permission", "fields": {"codename": "delete_user", "name": "Can delete user", "content_type": 3}}, {"pk": 13, "model": "auth.permission", "fields": {"codename": "add_contenttype", "name": "Can add content type", "content_type": 5}}, {"pk": 14, "model": "auth.permission", "fields": {"codename": "change_contenttype", "name": "Can change content type", "content_type": 5}}, {"pk": 15, "model": "auth.permission", "fields": {"codename": "delete_contenttype", "name": "Can delete content type", "content_type": 5}}, {"pk": 43, "model": "auth.permission", "fields": {"codename": "add_address", "name": "Can add \u0430\u0434\u0440\u0435\u0441", "content_type": 15}}, {"pk": 25, "model": "auth.permission", "fields": {"codename": "add_civilequivalent", "name": "Can add \u044d\u043a\u0432\u0438\u0432\u0430\u043b\u0435\u043d\u0442 \u0432 \u0433\u0440\u0430\u0436\u0434\u0430\u043d\u0441\u043a\u043e\u043c \u043d\u0430\u043f\u0438\u0441\u0430\u043d\u0438\u0438", "content_type": 9}}, {"pk": 28, "model": "auth.permission", "fields": {"codename": "add_entry", "name": "Can add \u0441\u043b\u043e\u0432\u0430\u0440\u043d\u0430\u044f \u0441\u0442\u0430\u0442\u044c\u044f", "content_type": 10}}, {"pk": 34, "model": "auth.permission", "fields": {"codename": "add_etymology", "name": "Can add \u044d\u0442\u0438\u043c\u043e\u043b\u043e\u0433\u0438\u044f \u0441\u043b\u043e\u0432\u0430", "content_type": 12}}, {"pk": 46, "model": "auth.permission", "fields": {"codename": "add_example", "name": "Can add \u043f\u0440\u0438\u043c\u0435\u0440", "content_type": 16}}, {"pk": 40, "model": "auth.permission", "fields": {"codename": "add_meaning", "name": "Can add \u0437\u043d\u0430\u0447\u0435\u043d\u0438\u0435", "content_type": 14}}, {"pk": 31, "model": "auth.permission", "fields": {"codename": "add_orthographicvariant", "name": "Can add \u043e\u0440\u0444\u043e\u0433\u0440\u0430\u0444\u0438\u0447\u0435\u0441\u043a\u0438\u0439 \u0432\u0430\u0440\u0438\u0430\u043d\u0442", "content_type": 11}}, {"pk": 37, "model": "auth.permission", "fields": {"codename": "add_propernoun", "name": "Can add \u0438\u043c\u044f \u0441\u043e\u0431\u0441\u0442\u0432\u0435\u043d\u043d\u043e\u0435", "content_type": 13}}, {"pk": 44, "model": "auth.permission", "fields": {"codename": "change_address", "name": "Can change \u0430\u0434\u0440\u0435\u0441", "content_type": 15}}, {"pk": 26, "model": "auth.permission", "fields": {"codename": "change_civilequivalent", "name": "Can change \u044d\u043a\u0432\u0438\u0432\u0430\u043b\u0435\u043d\u0442 \u0432 \u0433\u0440\u0430\u0436\u0434\u0430\u043d\u0441\u043a\u043e\u043c \u043d\u0430\u043f\u0438\u0441\u0430\u043d\u0438\u0438", "content_type": 9}}, {"pk": 29, "model": "auth.permission", "fields": {"codename": "change_entry", "name": "Can change \u0441\u043b\u043e\u0432\u0430\u0440\u043d\u0430\u044f \u0441\u0442\u0430\u0442\u044c\u044f", "content_type": 10}}, {"pk": 35, "model": "auth.permission", "fields": {"codename": "change_etymology", "name": "Can change \u044d\u0442\u0438\u043c\u043e\u043b\u043e\u0433\u0438\u044f \u0441\u043b\u043e\u0432\u0430", "content_type": 12}}, {"pk": 47, "model": "auth.permission", "fields": {"codename": "change_example", "name": "Can change \u043f\u0440\u0438\u043c\u0435\u0440", "content_type": 16}}, {"pk": 41, "model": "auth.permission", "fields": {"codename": "change_meaning", "name": "Can change \u0437\u043d\u0430\u0447\u0435\u043d\u0438\u0435", "content_type": 14}}, {"pk": 32, "model": "auth.permission", "fields": {"codename": "change_orthographicvariant", "name": "Can change \u043e\u0440\u0444\u043e\u0433\u0440\u0430\u0444\u0438\u0447\u0435\u0441\u043a\u0438\u0439 \u0432\u0430\u0440\u0438\u0430\u043d\u0442", "content_type": 11}}, {"pk": 38, "model": "auth.permission", "fields": {"codename": "change_propernoun", "name": "Can change \u0438\u043c\u044f \u0441\u043e\u0431\u0441\u0442\u0432\u0435\u043d\u043d\u043e\u0435", "content_type": 13}}, {"pk": 45, "model": "auth.permission", "fields": {"codename": "delete_address", "name": "Can delete \u0430\u0434\u0440\u0435\u0441", "content_type": 15}}, {"pk": 27, "model": "auth.permission", "fields": {"codename": "delete_civilequivalent", "name": "Can delete \u044d\u043a\u0432\u0438\u0432\u0430\u043b\u0435\u043d\u0442 \u0432 \u0433\u0440\u0430\u0436\u0434\u0430\u043d\u0441\u043a\u043e\u043c \u043d\u0430\u043f\u0438\u0441\u0430\u043d\u0438\u0438", "content_type": 9}}, {"pk": 30, "model": "auth.permission", "fields": {"codename": "delete_entry", "name": "Can delete \u0441\u043b\u043e\u0432\u0430\u0440\u043d\u0430\u044f \u0441\u0442\u0430\u0442\u044c\u044f", "content_type": 10}}, {"pk": 36, "model": "auth.permission", "fields": {"codename": "delete_etymology", "name": "Can delete \u044d\u0442\u0438\u043c\u043e\u043b\u043e\u0433\u0438\u044f \u0441\u043b\u043e\u0432\u0430", "content_type": 12}}, {"pk": 48, "model": "auth.permission", "fields": {"codename": "delete_example", "name": "Can delete \u043f\u0440\u0438\u043c\u0435\u0440", "content_type": 16}}, {"pk": 42, "model": "auth.permission", "fields": {"codename": "delete_meaning", "name": "Can delete \u0437\u043d\u0430\u0447\u0435\u043d\u0438\u0435", "content_type": 14}}, {"pk": 33, "model": "auth.permission", "fields": {"codename": "delete_orthographicvariant", "name": "Can delete \u043e\u0440\u0444\u043e\u0433\u0440\u0430\u0444\u0438\u0447\u0435\u0441\u043a\u0438\u0439 \u0432\u0430\u0440\u0438\u0430\u043d\u0442", "content_type": 11}}, {"pk": 39, "model": "auth.permission", "fields": {"codename": "delete_propernoun", "name": "Can delete \u0438\u043c\u044f \u0441\u043e\u0431\u0441\u0442\u0432\u0435\u043d\u043d\u043e\u0435", "content_type": 13}}, {"pk": 73, "model": "auth.permission", "fields": {"codename": "add_entrystatus", "name": "Can add \u0441\u0442\u0430\u0442\u0443\u0441 \u0441\u043b\u043e\u0432\u0430\u0440\u043d\u043e\u0439 \u0441\u0442\u0430\u0442\u044c\u0438", "content_type": 25}}, {"pk": 52, "model": "auth.permission", "fields": {"codename": "add_gender", "name": "Can add \u0433\u0440\u0430\u043c\u043c\u0430\u0442\u0438\u0447\u0435\u0441\u043a\u0438\u0439 \u0440\u043e\u0434", "content_type": 18}}, {"pk": 70, "model": "auth.permission", "fields": {"codename": "add_language", "name": "Can add \u044f\u0437\u044b\u043a", "content_type": 24}}, {"pk": 58, "model": "auth.permission", "fields": {"codename": "add_onym", "name": "Can add \u0442\u0438\u043f \u0438\u043c\u0435\u043d\u0438 \u0441\u043e\u0431\u0441\u0442\u0432\u0435\u043d\u043d\u043e\u0433\u043e", "content_type": 20}}, {"pk": 49, "model": "auth.permission", "fields": {"codename": "add_partofspeech", "name": "Can add \u0447\u0430\u0441\u0442\u044c \u0440\u0435\u0447\u0438", "content_type": 17}}, {"pk": 67, "model": "auth.permission", "fields": {"codename": "add_subcatframe", "name": "Can add \u043c\u043e\u0434\u0435\u043b\u044c \u0443\u043f\u0440\u0430\u0432\u043b\u0435\u043d\u0438\u044f", "content_type": 23}}, {"pk": 64, "model": "auth.permission", "fields": {"codename": "add_syntargument", "name": "Can add \u0441\u0438\u043d\u0442\u0430\u043a\u0441\u0438\u0447\u0435\u0441\u043a\u0438\u0439 \u0430\u0440\u0433\u0443\u043c\u0435\u043d\u0442", "content_type": 22}}, {"pk": 55, "model": "auth.permission", "fields": {"codename": "add_tantum", "name": "Can add tantum", "content_type": 19}}, {"pk": 61, "model": "auth.permission", "fields": {"codename": "add_transitivity", "name": "Can add \u043f\u0435\u0440\u0435\u0445\u043e\u0434\u043d\u043e\u0441\u0442\u044c \u0433\u043b\u0430\u0433\u043e\u043b\u0430", "content_type": 21}}, {"pk": 74, "model": "auth.permission", "fields": {"codename": "change_entrystatus", "name": "Can change \u0441\u0442\u0430\u0442\u0443\u0441 \u0441\u043b\u043e\u0432\u0430\u0440\u043d\u043e\u0439 \u0441\u0442\u0430\u0442\u044c\u0438", "content_type": 25}}, {"pk": 53, "model": "auth.permission", "fields": {"codename": "change_gender", "name": "Can change \u0433\u0440\u0430\u043c\u043c\u0430\u0442\u0438\u0447\u0435\u0441\u043a\u0438\u0439 \u0440\u043e\u0434", "content_type": 18}}, {"pk": 71, "model": "auth.permission", "fields": {"codename": "change_language", "name": "Can change \u044f\u0437\u044b\u043a", "content_type": 24}}, {"pk": 59, "model": "auth.permission", "fields": {"codename": "change_onym", "name": "Can change \u0442\u0438\u043f \u0438\u043c\u0435\u043d\u0438 \u0441\u043e\u0431\u0441\u0442\u0432\u0435\u043d\u043d\u043e\u0433\u043e", "content_type": 20}}, {"pk": 50, "model": "auth.permission", "fields": {"codename": "change_partofspeech", "name": "Can change \u0447\u0430\u0441\u0442\u044c \u0440\u0435\u0447\u0438", "content_type": 17}}, {"pk": 68, "model": "auth.permission", "fields": {"codename": "change_subcatframe", "name": "Can change \u043c\u043e\u0434\u0435\u043b\u044c \u0443\u043f\u0440\u0430\u0432\u043b\u0435\u043d\u0438\u044f", "content_type": 23}}, {"pk": 65, "model": "auth.permission", "fields": {"codename": "change_syntargument", "name": "Can change \u0441\u0438\u043d\u0442\u0430\u043a\u0441\u0438\u0447\u0435\u0441\u043a\u0438\u0439 \u0430\u0440\u0433\u0443\u043c\u0435\u043d\u0442", "content_type": 22}}, {"pk": 56, "model": "auth.permission", "fields": {"codename": "change_tantum", "name": "Can change tantum", "content_type": 19}}, {"pk": 62, "model": "auth.permission", "fields": {"codename": "change_transitivity", "name": "Can change \u043f\u0435\u0440\u0435\u0445\u043e\u0434\u043d\u043e\u0441\u0442\u044c \u0433\u043b\u0430\u0433\u043e\u043b\u0430", "content_type": 21}}, {"pk": 75, "model": "auth.permission", "fields": {"codename": "delete_entrystatus", "name": "Can delete \u0441\u0442\u0430\u0442\u0443\u0441 \u0441\u043b\u043e\u0432\u0430\u0440\u043d\u043e\u0439 \u0441\u0442\u0430\u0442\u044c\u0438", "content_type": 25}}, {"pk": 54, "model": "auth.permission", "fields": {"codename": "delete_gender", "name": "Can delete \u0433\u0440\u0430\u043c\u043c\u0430\u0442\u0438\u0447\u0435\u0441\u043a\u0438\u0439 \u0440\u043e\u0434", "content_type": 18}}, {"pk": 72, "model": "auth.permission", "fields": {"codename": "delete_language", "name": "Can delete \u044f\u0437\u044b\u043a", "content_type": 24}}, {"pk": 60, "model": "auth.permission", "fields": {"codename": "delete_onym", "name": "Can delete \u0442\u0438\u043f \u0438\u043c\u0435\u043d\u0438 \u0441\u043e\u0431\u0441\u0442\u0432\u0435\u043d\u043d\u043e\u0433\u043e", "content_type": 20}}, {"pk": 51, "model": "auth.permission", "fields": {"codename": "delete_partofspeech", "name": "Can delete \u0447\u0430\u0441\u0442\u044c \u0440\u0435\u0447\u0438", "content_type": 17}}, {"pk": 69, "model": "auth.permission", "fields": {"codename": "delete_subcatframe", "name": "Can delete \u043c\u043e\u0434\u0435\u043b\u044c \u0443\u043f\u0440\u0430\u0432\u043b\u0435\u043d\u0438\u044f", "content_type": 23}}, {"pk": 66, "model": "auth.permission", "fields": {"codename": "delete_syntargument", "name": "Can delete \u0441\u0438\u043d\u0442\u0430\u043a\u0441\u0438\u0447\u0435\u0441\u043a\u0438\u0439 \u0430\u0440\u0433\u0443\u043c\u0435\u043d\u0442", "content_type": 22}}, {"pk": 57, "model": "auth.permission", "fields": {"codename": "delete_tantum", "name": "Can delete tantum", "content_type": 19}}, {"pk": 63, "model": "auth.permission", "fields": {"codename": "delete_transitivity", "name": "Can delete \u043f\u0435\u0440\u0435\u0445\u043e\u0434\u043d\u043e\u0441\u0442\u044c \u0433\u043b\u0430\u0433\u043e\u043b\u0430", "content_type": 21}}, {"pk": 16, "model": "auth.permission", "fields": {"codename": "add_session", "name": "Can add session", "content_type": 6}}, {"pk": 17, "model": "auth.permission", "fields": {"codename": "change_session", "name": "Can change session", "content_type": 6}}, {"pk": 18, "model": "auth.permission", "fields": {"codename": "delete_session", "name": "Can delete session", "content_type": 6}}, {"pk": 19, "model": "auth.permission", "fields": {"codename": "add_site", "name": "Can add site", "content_type": 7}}, {"pk": 20, "model": "auth.permission", "fields": {"codename": "change_site", "name": "Can change site", "content_type": 7}}, {"pk": 21, "model": "auth.permission", "fields": {"codename": "delete_site", "name": "Can delete site", "content_type": 7}}, {"pk": 1, "model": "auth.user", "fields": {"username": "test", "first_name": "\u0410\u043d\u0434\u0440\u0435\u0439", "last_name": "\u0425\u0438\u0442\u0440\u043e\u0432", "is_active": true, "is_superuser": true, "is_staff": true, "last_login": "2009-12-24 05:23:34", "groups": [], "user_permissions": [], "password": "sha1$21017$46e90d15d3115fda734236d89c85ef3b378930fa", "email": "test@test.net", "date_joined": "2009-12-10 22:12:35"}}, {"pk": 2, "model": "auth.user", "fields": {"username": "ivan", "first_name": "\u0418\u0432\u0430\u043d", "last_name": "\u0414\u043e\u0431\u0440\u043e\u0432\u043e\u043b\u044c\u0441\u043a\u0438\u0439", "is_active": true, "is_superuser": false, "is_staff": true, "last_login": "2009-12-24 05:15:36", "groups": [], "user_permissions": [43, 25, 28, 34, 46, 40, 31, 37, 44, 26, 29, 35, 47, 41, 32, 38, 45, 27, 30, 36, 48, 42, 33, 39, 73, 52, 70, 58, 49, 67, 64, 55, 61, 74, 53, 71, 59, 50, 68, 65, 56, 62, 75, 54, 72, 60, 51, 69, 66, 57, 63], "password": "sha1$66b31$a05ed4ce77e67ca8711500b4b14b6cc0ed9cfbb6", "email": "imperfect@yandex.ru", "date_joined": "2009-12-24 05:15:36"}}, {"pk": 3, "model": "auth.user", "fields": {"username": "fedor", "first_name": "\u0424\u0451\u0434\u043e\u0440", "last_name": "\u041b\u044e\u0434\u043e\u0433\u043e\u0432\u0441\u043a\u0438\u0439", "is_active": true, "is_superuser": false, "is_staff": true, "last_login": "2009-12-24 05:17:03", "groups": [], "user_permissions": [43, 25, 28, 34, 46, 40, 31, 37, 44, 26, 29, 35, 47, 41, 32, 38, 45, 27, 30, 36, 48, 42, 33, 39], "password": "sha1$de70f$853aece288dd15c359f41d14697e71732c085f8d", "email": "ludenhof@gmail.com", "date_joined": "2009-12-24 05:17:03"}}, {"pk": 5, "model": "contenttypes.contenttype", "fields": {"model": "contenttype", "name": "content type", "app_label": "contenttypes"}}, {"pk": 2, "model": "contenttypes.contenttype", "fields": {"model": "group", "name": "group", "app_label": "auth"}}, {"pk": 8, "model": "contenttypes.contenttype", "fields": {"model": "logentry", "name": "log entry", "app_label": "admin"}}, {"pk": 4, "model": "contenttypes.contenttype", "fields": {"model": "message", "name": "message", "app_label": "auth"}}, {"pk": 1, "model": "contenttypes.contenttype", "fields": {"model": "permission", "name": "permission", "app_label": "auth"}}, {"pk": 6, "model": "contenttypes.contenttype", "fields": {"model": "session", "name": "session", "app_label": "sessions"}}, {"pk": 7, "model": "contenttypes.contenttype", "fields": {"model": "site", "name": "site", "app_label": "sites"}}, {"pk": 19, "model": "contenttypes.contenttype", "fields": {"model": "tantum", "name": "tantum", "app_label": "directory"}}, {"pk": 3, "model": "contenttypes.contenttype", "fields": {"model": "user", "name": "user", "app_label": "auth"}}, {"pk": 15, "model": "contenttypes.contenttype", "fields": {"model": "address", "name": "\u0430\u0434\u0440\u0435\u0441", "app_label": "dictionary"}}, {"pk": 18, "model": "contenttypes.contenttype", "fields": {"model": "gender", "name": "\u0433\u0440\u0430\u043c\u043c\u0430\u0442\u0438\u0447\u0435\u0441\u043a\u0438\u0439 \u0440\u043e\u0434", "app_label": "directory"}}, {"pk": 14, "model": "contenttypes.contenttype", "fields": {"model": "meaning", "name": "\u0437\u043d\u0430\u0447\u0435\u043d\u0438\u0435", "app_label": "dictionary"}}, {"pk": 13, "model": "contenttypes.contenttype", "fields": {"model": "propernoun", "name": "\u0438\u043c\u044f \u0441\u043e\u0431\u0441\u0442\u0432\u0435\u043d\u043d\u043e\u0435", "app_label": "dictionary"}}, {"pk": 23, "model": "contenttypes.contenttype", "fields": {"model": "subcatframe", "name": "\u043c\u043e\u0434\u0435\u043b\u044c \u0443\u043f\u0440\u0430\u0432\u043b\u0435\u043d\u0438\u044f", "app_label": "directory"}}, {"pk": 11, "model": "contenttypes.contenttype", "fields": {"model": "orthographicvariant", "name": "\u043e\u0440\u0444\u043e\u0433\u0440\u0430\u0444\u0438\u0447\u0435\u0441\u043a\u0438\u0439 \u0432\u0430\u0440\u0438\u0430\u043d\u0442", "app_label": "dictionary"}}, {"pk": 21, "model": "contenttypes.contenttype", "fields": {"model": "transitivity", "name": "\u043f\u0435\u0440\u0435\u0445\u043e\u0434\u043d\u043e\u0441\u0442\u044c \u0433\u043b\u0430\u0433\u043e\u043b\u0430", "app_label": "directory"}}, {"pk": 16, "model": "contenttypes.contenttype", "fields": {"model": "example", "name": "\u043f\u0440\u0438\u043c\u0435\u0440", "app_label": "dictionary"}}, {"pk": 22, "model": "contenttypes.contenttype", "fields": {"model": "syntargument", "name": "\u0441\u0438\u043d\u0442\u0430\u043a\u0441\u0438\u0447\u0435\u0441\u043a\u0438\u0439 \u0430\u0440\u0433\u0443\u043c\u0435\u043d\u0442", "app_label": "directory"}}, {"pk": 10, "model": "contenttypes.contenttype", "fields": {"model": "entry", "name": "\u0441\u043b\u043e\u0432\u0430\u0440\u043d\u0430\u044f \u0441\u0442\u0430\u0442\u044c\u044f", "app_label": "dictionary"}}, {"pk": 25, "model": "contenttypes.contenttype", "fields": {"model": "entrystatus", "name": "\u0441\u0442\u0430\u0442\u0443\u0441 \u0441\u043b\u043e\u0432\u0430\u0440\u043d\u043e\u0439 \u0441\u0442\u0430\u0442\u044c\u0438", "app_label": "directory"}}, {"pk": 20, "model": "contenttypes.contenttype", "fields": {"model": "onym", "name": "\u0442\u0438\u043f \u0438\u043c\u0435\u043d\u0438 \u0441\u043e\u0431\u0441\u0442\u0432\u0435\u043d\u043d\u043e\u0433\u043e", "app_label": "directory"}}, {"pk": 17, "model": "contenttypes.contenttype", "fields": {"model": "partofspeech", "name": "\u0447\u0430\u0441\u0442\u044c \u0440\u0435\u0447\u0438", "app_label": "directory"}}, {"pk": 9, "model": "contenttypes.contenttype", "fields": {"model": "civilequivalent", "name": "\u044d\u043a\u0432\u0438\u0432\u0430\u043b\u0435\u043d\u0442 \u0432 \u0433\u0440\u0430\u0436\u0434\u0430\u043d\u0441\u043a\u043e\u043c \u043d\u0430\u043f\u0438\u0441\u0430\u043d\u0438\u0438", "app_label": "dictionary"}}, {"pk": 12, "model": "contenttypes.contenttype", "fields": {"model": "etymology", "name": "\u044d\u0442\u0438\u043c\u043e\u043b\u043e\u0433\u0438\u044f \u0441\u043b\u043e\u0432\u0430", "app_label": "dictionary"}}, {"pk": 24, "model": "contenttypes.contenttype", "fields": {"model": "language", "name": "\u044f\u0437\u044b\u043a", "app_label": "directory"}}, {"pk": "9cbe7a4d05b9b89f1a8891374f444fe5", "model": "sessions.session", "fields": {"expire_date": "2010-01-07 05:23:35", "session_data": "gAJ9cQEoVRJfYXV0aF91c2VyX2JhY2tlbmRxAlUpZGphbmdvLmNvbnRyaWIuYXV0aC5iYWNrZW5k\ncy5Nb2RlbEJhY2tlbmRxA1UNX2F1dGhfdXNlcl9pZHEESwF1LjQ4OGMzODI3ODgxNTcyZDYwNTll\nMGU3YWEzYWM2NTUy\n"}}, {"pk": 1, "model": "sites.site", "fields": {"domain": "example.com", "name": "example.com"}}, {"pk": 27, "model": "admin.logentry", "fields": {"action_flag": 1, "action_time": "2009-12-24 06:11:54", "object_repr": "\u0431\u0434\u0435\u0442\u0438", "object_id": "4", "change_message": "", "user": 1, "content_type": 10}}, {"pk": 26, "model": "admin.logentry", "fields": {"action_flag": 1, "action_time": "2009-12-24 06:11:48", "object_repr": "\u0431\u0434\u0435\u0442\u0438", "object_id": "4", "change_message": "", "user": 1, "content_type": 9}}, {"pk": 25, "model": "admin.logentry", "fields": {"action_flag": 2, "action_time": "2009-12-24 06:09:46", "object_repr": "\u0432\u043d\u044f\u0442\u0438", "object_id": "3", "change_message": "Changed idem for \u043e\u0440\u0444\u043e\u0433\u0440\u0430\u0444\u0438\u0447\u0435\u0441\u043a\u0438\u0439 \u0432\u0430\u0440\u0438\u0430\u043d\u0442 \"\u0432\u043d\u0467\u0301\u0442\u0438\".", "user": 1, "content_type": 10}}, {"pk": 24, "model": "admin.logentry", "fields": {"action_flag": 1, "action_time": "2009-12-24 06:07:52", "object_repr": "\u043e\u0431\u0440\u0430\u0442\u0438\u0442\u044c \u0432\u043d\u0438\u043c\u0430\u043d\u0438\u0435, \u043f\u043e\u0441\u043b\u0443\u0448\u0430\u0442\u044c\u0441\u044f", "object_id": "5", "change_message": "", "user": 1, "content_type": 14}}, {"pk": 23, "model": "admin.logentry", "fields": {"action_flag": 1, "action_time": "2009-12-24 06:07:42", "object_repr": "(\u041e\u043a\u0442 3)", "object_id": "2", "change_message": "", "user": 1, "content_type": 15}}, {"pk": 22, "model": "admin.logentry", "fields": {"action_flag": 1, "action_time": "2009-12-24 06:06:44", "object_repr": "\u0432\u043d\u044f\u0442\u0438", "object_id": "3", "change_message": "", "user": 1, "content_type": 10}}, {"pk": 21, "model": "admin.logentry", "fields": {"action_flag": 1, "action_time": "2009-12-24 06:04:29", "object_repr": "\u0432\u043d\u044f\u0442\u0438", "object_id": "3", "change_message": "", "user": 1, "content_type": 9}}, {"pk": 20, "model": "admin.logentry", "fields": {"action_flag": 1, "action_time": "2009-12-24 06:02:48", "object_repr": "\u043a\u0430\u043a", "object_id": "4", "change_message": "", "user": 1, "content_type": 14}}, {"pk": 19, "model": "admin.logentry", "fields": {"action_flag": 1, "action_time": "2009-12-24 06:02:29", "object_repr": "\u0447\u0442\u043e", "object_id": "3", "change_message": "", "user": 1, "content_type": 14}}, {"pk": 18, "model": "admin.logentry", "fields": {"action_flag": 2, "action_time": "2009-12-24 06:01:44", "object_repr": "\u044f\u043a\u043e", "object_id": "2", "change_message": "Changed status.", "user": 1, "content_type": 10}}, {"pk": 17, "model": "admin.logentry", "fields": {"action_flag": 2, "action_time": "2009-12-24 06:00:21", "object_repr": "\u044f\u043a\u043e", "object_id": "2", "change_message": "Added \u043e\u0440\u0444\u043e\u0433\u0440\u0430\u0444\u0438\u0447\u0435\u0441\u043a\u0438\u0439 \u0432\u0430\u0440\u0438\u0430\u043d\u0442 \"\u044f\u043a\u043e\".", "user": 1, "content_type": 10}}, {"pk": 16, "model": "admin.logentry", "fields": {"action_flag": 1, "action_time": "2009-12-24 05:59:07", "object_repr": "\u044f\u043a\u043e", "object_id": "2", "change_message": "", "user": 1, "content_type": 10}}, {"pk": 15, "model": "admin.logentry", "fields": {"action_flag": 1, "action_time": "2009-12-24 05:58:43", "object_repr": "\u044f\u043a\u043e", "object_id": "2", "change_message": "", "user": 1, "content_type": 9}}, {"pk": 14, "model": "admin.logentry", "fields": {"action_flag": 2, "action_time": "2009-12-24 05:56:19", "object_repr": "\u043f\u0440\u0430\u043e\u0442\u0435\u0446 \u0410\u0432\u0440\u0430\u0430\u043c, \u0441\u044b\u043d \u0424\u0430\u0440\u0440\u044b", "object_id": "1", "change_message": "Changed order.", "user": 1, "content_type": 14}}, {"pk": 13, "model": "admin.logentry", "fields": {"action_flag": 2, "action_time": "2009-12-24 05:56:09", "object_repr": "\u0410\u0432\u0440\u0430\u0430\u043c", "object_id": "2", "change_message": "Changed order.", "user": 1, "content_type": 14}}, {"pk": 12, "model": "admin.logentry", "fields": {"action_flag": 2, "action_time": "2009-12-24 05:52:50", "object_repr": "\u0410\u0432\u0440\u0430\u0430\u043c", "object_id": "2", "change_message": "Changed order.", "user": 1, "content_type": 14}}, {"pk": 11, "model": "admin.logentry", "fields": {"action_flag": 1, "action_time": "2009-12-24 05:52:42", "object_repr": "\u0410\u0432\u0440\u0430\u0430\u043c", "object_id": "2", "change_message": "", "user": 1, "content_type": 14}}, {"pk": 10, "model": "admin.logentry", "fields": {"action_flag": 2, "action_time": "2009-12-24 05:49:15", "object_repr": "\u043f\u0440\u0430\u043e\u0442\u0435\u0446 \u0410\u0432\u0440\u0430\u0430\u043c, \u0441\u044b\u043d \u0424\u0430\u0440\u0440\u044b", "object_id": "1", "change_message": "Changed example for \u043f\u0440\u0438\u043c\u0435\u0440 \"(\u0411\u044b\u0442. 5, 3) \u0432\u0463\u0301\u0440\u043e\u0432\u0430 \u0436\u0435 \u0430\u0486\u0432\u0440\u0430\u0430\u0301\u043c\u044a \u0431\u0433\u0483\u043e\u0432\u0438, \u0438\u0486 \u0432\u043c\u0463\u043d\u0438\u0301\u0441\u0467 \u0454\u0486\u043c\ua64b\u0300 \u0432\u044a \u043f\u0440\u0430\u0301\u0432\u0434\ua64b\".", "user": 1, "content_type": 14}}, {"pk": 9, "model": "admin.logentry", "fields": {"action_flag": 1, "action_time": "2009-12-24 05:44:11", "object_repr": "\u043f\u0440\u0430\u043e\u0442\u0435\u0446 \u0410\u0432\u0440\u0430\u0430\u043c, \u0441\u044b\u043d \u0424\u0430\u0440\u0440\u044b", "object_id": "1", "change_message": "", "user": 1, "content_type": 14}}, {"pk": 8, "model": "admin.logentry", "fields": {"action_flag": 1, "action_time": "2009-12-24 05:44:05", "object_repr": "(\u0411\u044b\u0442. 5, 3)", "object_id": "1", "change_message": "", "user": 1, "content_type": 15}}, {"pk": 7, "model": "admin.logentry", "fields": {"action_flag": 2, "action_time": "2009-12-24 05:42:23", "object_repr": "\u0410\u0432\u0440\u0430\u0430\u043c", "object_id": "1", "change_message": "Added \u043e\u0440\u0444\u043e\u0433\u0440\u0430\u0444\u0438\u0447\u0435\u0441\u043a\u0438\u0439 \u0432\u0430\u0440\u0438\u0430\u043d\u0442 \"\u0430\u0432\u0440\u0430\u043c\".", "user": 1, "content_type": 10}}, {"pk": 6, "model": "admin.logentry", "fields": {"action_flag": 1, "action_time": "2009-12-24 05:42:10", "object_repr": "\u0410\u0432\u0440\u0430\u0430\u043c", "object_id": "1", "change_message": "", "user": 1, "content_type": 10}}, {"pk": 5, "model": "admin.logentry", "fields": {"action_flag": 1, "action_time": "2009-12-24 05:41:41", "object_repr": "\u0410\u0432\u0440\u0430\u0430\u043c", "object_id": "1", "change_message": "", "user": 1, "content_type": 9}}, {"pk": 4, "model": "admin.logentry", "fields": {"action_flag": 1, "action_time": "2009-12-24 05:24:55", "object_repr": "\u0443\u0442\u0432\u0435\u0440\u0436\u0434\u0435\u043d\u0430", "object_id": "4", "change_message": "", "user": 1, "content_type": 25}}, {"pk": 3, "model": "admin.logentry", "fields": {"action_flag": 1, "action_time": "2009-12-24 05:24:46", "object_repr": "\u0437\u0430\u0432\u0435\u0440\u0448\u0435\u043d\u0430", "object_id": "3", "change_message": "", "user": 1, "content_type": 25}}, {"pk": 2, "model": "admin.logentry", "fields": {"action_flag": 1, "action_time": "2009-12-24 05:24:34", "object_repr": "\u0432 \u0440\u0430\u0431\u043e\u0442\u0435", "object_id": "2", "change_message": "", "user": 1, "content_type": 25}}, {"pk": 1, "model": "admin.logentry", "fields": {"action_flag": 1, "action_time": "2009-12-24 05:24:27", "object_repr": "\u0441\u043e\u0437\u0434\u0430\u043d\u0430", "object_id": "1", "change_message": "", "user": 1, "content_type": 25}}, {"pk": 1, "model": "dictionary.civilequivalent", "fields": {"text": "\u0410\u0432\u0440\u0430\u0430\u043c"}}, {"pk": 2, "model": "dictionary.civilequivalent", "fields": {"text": "\u044f\u043a\u043e"}}, {"pk": 3, "model": "dictionary.civilequivalent", "fields": {"text": "\u0432\u043d\u044f\u0442\u0438"}}, {"pk": 4, "model": "dictionary.civilequivalent", "fields": {"text": "\u0431\u0434\u0435\u0442\u0438"}}, {"pk": 1, "model": "dictionary.entry", "fields": {"status": 2, "uninflected": false, "short_form": "", "sg1": "", "gender": 1, "sg2": "", "part_of_speech": 1, "tantum": null, "editor": 3, "civil_equivalent": 1, "genitive": "\u0430", "transitivity": null}}, {"pk": 4, "model": "dictionary.entry", "fields": {"status": 1, "uninflected": false, "short_form": "", "sg1": "", "gender": null, "sg2": "", "part_of_speech": 3, "tantum": null, "editor": null, "civil_equivalent": 4, "genitive": "", "transitivity": null}}, {"pk": 3, "model": "dictionary.entry", "fields": {"status": 2, "uninflected": false, "short_form": "", "sg1": "\u0432\u043e\u043d\u043c\u0443", "gender": null, "sg2": "\u0432\u043e\u043d\u043c\u0435\u0448\u0438", "part_of_speech": 3, "tantum": null, "editor": 2, "civil_equivalent": 3, "genitive": "", "transitivity": 2}}, {"pk": 2, "model": "dictionary.entry", "fields": {"status": 2, "uninflected": false, "short_form": "", "sg1": "", "gender": null, "sg2": "", "part_of_speech": 6, "tantum": null, "editor": 3, "civil_equivalent": 2, "genitive": "", "transitivity": null}}, {"pk": 1, "model": "dictionary.orthographicvariant", "fields": {"idem": "\u0430\u0432\u0440\u0430\u0430\u043c", "is_approved": false, "is_headword": true, "frequency": null, "is_reconstructed": false, "entry": 1, "is_factored_out": false}}, {"pk": 2, "model": "dictionary.orthographicvariant", "fields": {"idem": "\u0430\u0432\u0440\u0430\u043c", "is_approved": false, "is_headword": false, "frequency": null, "is_reconstructed": false, "entry": 1, "is_factored_out": false}}, {"pk": 3, "model": "dictionary.orthographicvariant", "fields": {"idem": "\u044f\u043a\u043e", "is_approved": false, "is_headword": true, "frequency": null, "is_reconstructed": false, "entry": 2, "is_factored_out": false}}, {"pk": 4, "model": "dictionary.orthographicvariant", "fields": {"idem": "\u0432\u043d\u0467\u0301\u0442\u0438", "is_approved": false, "is_headword": true, "frequency": null, "is_reconstructed": false, "entry": 3, "is_factored_out": false}}, {"pk": 2, "model": "dictionary.meaning", "fields": {"metaphorical": false, "gloss": "", "meaning": "\u0410\u0432\u0440\u0430\u0430\u043c", "entry": 1, "order": 1, "subcat_frames": []}}, {"pk": 1, "model": "dictionary.meaning", "fields": {"metaphorical": false, "gloss": "", "meaning": "\u043f\u0440\u0430\u043e\u0442\u0435\u0446 \u0410\u0432\u0440\u0430\u0430\u043c, \u0441\u044b\u043d \u0424\u0430\u0440\u0440\u044b", "entry": 1, "order": 2, "subcat_frames": []}}, {"pk": 5, "model": "dictionary.meaning", "fields": {"metaphorical": false, "gloss": "", "meaning": "\u043e\u0431\u0440\u0430\u0442\u0438\u0442\u044c \u0432\u043d\u0438\u043c\u0430\u043d\u0438\u0435, \u043f\u043e\u0441\u043b\u0443\u0448\u0430\u0442\u044c\u0441\u044f", "entry": 3, "order": 1, "subcat_frames": []}}, {"pk": 3, "model": "dictionary.meaning", "fields": {"metaphorical": false, "gloss": "", "meaning": "\u0447\u0442\u043e", "entry": 2, "order": 1, "subcat_frames": []}}, {"pk": 4, "model": "dictionary.meaning", "fields": {"metaphorical": false, "gloss": "", "meaning": "\u043a\u0430\u043a", "entry": 2, "order": 2, "subcat_frames": []}}, {"pk": 1, "model": "dictionary.address", "fields": {"address": "\u0411\u044b\u0442. 5, 3"}}, {"pk": 2, "model": "dictionary.address", "fields": {"address": "\u041e\u043a\u0442 3"}}, {"pk": 1, "model": "dictionary.example", "fields": {"meaning": 1, "hidden": false, "translation": "", "example": "\u0432\u0463\u0301\u0440\u043e\u0432\u0430 \u0436\u0435 \u0430\u0486\u0432\u0440\u0430\u0430\u0301\u043c\u044a \u0431\u0433\u0483\u043e\u0432\u0438, \u0438\u0486 \u0432\u043c\u0463\u043d\u0438\u0301\u0441\u0467 \u0454\u0486\u043c\ua64b\u0300 \u0432\u044a \u043f\u0440\u0430\u0301\u0432\u0434\ua64b", "address": 1}}, {"pk": 2, "model": "dictionary.example", "fields": {"meaning": 5, "hidden": false, "translation": "", "example": "\u0415\u0486\u0433\u0434\u0430\u0300 \u0442\u0440\u0430\u043f\u0435\u0437\u0430\u0301\u0440\u044c \u0434\u043e\u0445i\u0430\u0301\u0440\u0441\u043ai\u0439 \u043di\u0301\u043b\u044a \u043b\u0438\u0448\u0438\u0301\u0441\u0467 \u0437\u0440\u0463\u0301\u043di\u0467 \u0437\u0430 \u0454\u0486\u0301\u0436\u0435 \u043d\u0435 \u0432\u043d\u0467\u0301\u0442\u0438 \u0433\u043b\u0430\u0301\u0441\ua64b \u0442\u0432\u043e\u0435\u043c\ua64b\u0300, \u043f\u0440\u0435\u0447\u2ded\u0487\u0442\u0430\u0467", "address": 2}}, {"pk": 3, "model": "directory.partofspeech", "fields": {"abbreviation": "\u0433\u043b.", "name": "\u0433\u043b\u0430\u0433\u043e\u043b"}}, {"pk": 8, "model": "directory.partofspeech", "fields": {"abbreviation": "\u043c\u0435\u0436\u0434.", "name": "\u043c\u0435\u0436\u0434\u043e\u043c\u0435\u0442\u0438\u0435"}}, {"pk": 4, "model": "directory.partofspeech", "fields": {"abbreviation": "\u043c\u0435\u0441\u0442.", "name": "\u043c\u0435\u0441\u0442\u043e\u0438\u043c\u0435\u043d\u0438\u0435"}}, {"pk": 5, "model": "directory.partofspeech", "fields": {"abbreviation": "\u043d\u0430\u0440\u0435\u0447.", "name": "\u043d\u0430\u0440\u0435\u0447\u0438\u0435"}}, {"pk": 7, "model": "directory.partofspeech", "fields": {"abbreviation": "\u043f\u0440\u0435\u0434\u043b.", "name": "\u043f\u0440\u0435\u0434\u043b\u043e\u0433"}}, {"pk": 2, "model": "directory.partofspeech", "fields": {"abbreviation": "\u043f\u0440\u0438\u043b.", "name": "\u043f\u0440\u0438\u043b\u0430\u0433\u0430\u0442\u0435\u043b\u044c\u043d\u043e\u0435"}}, {"pk": 6, "model": "directory.partofspeech", "fields": {"abbreviation": "\u0441\u043e\u044e\u0437", "name": "\u0441\u043e\u044e\u0437"}}, {"pk": 1, "model": "directory.partofspeech", "fields": {"abbreviation": "\u0441\u0443\u0449.", "name": "\u0441\u0443\u0449\u0435\u0441\u0442\u0432\u0438\u0442\u0435\u043b\u044c\u043d\u043e\u0435"}}, {"pk": 9, "model": "directory.partofspeech", "fields": {"abbreviation": "\u0447\u0430\u0441\u0442.", "name": "\u0447\u0430\u0441\u0442\u0438\u0446\u0430"}}, {"pk": 2, "model": "directory.gender", "fields": {"abbreviation": "\u0436.", "name": "\u0436\u0435\u043d\u0441\u043a\u0438\u0439 \u0440\u043e\u0434"}}, {"pk": 1, "model": "directory.gender", "fields": {"abbreviation": "\u043c.", "name": "\u043c\u0443\u0436\u0441\u043a\u043e\u0439 \u0440\u043e\u0434"}}, {"pk": 3, "model": "directory.gender", "fields": {"abbreviation": "\u0441\u0440.", "name": "\u0441\u0440\u0435\u0434\u043d\u0438\u0439 \u0440\u043e\u0434"}}, {"pk": 3, "model": "directory.tantum", "fields": {"abbreviation": "du.", "name": "duale tantum"}}, {"pk": 1, "model": "directory.tantum", "fields": {"abbreviation": "pl.", "name": "plurale tantum"}}, {"pk": 2, "model": "directory.tantum", "fields": {"abbreviation": "sg.", "name": "singulare tantum"}}, {"pk": 1, "model": "directory.onym", "fields": {"abbreviation": "\u0430\u043d\u0442\u0440.", "name": "\u0430\u043d\u0442\u0440\u043e\u043f\u043e\u043d\u0438\u043c"}}, {"pk": 3, "model": "directory.onym", "fields": {"abbreviation": "\u0442\u043e\u043f.", "name": "\u0442\u043e\u043f\u043e\u043d\u0438\u043c"}}, {"pk": 2, "model": "directory.onym", "fields": {"abbreviation": "\u044d\u0442\u043d.", "name": "\u044d\u0442\u043d\u043e\u043d\u0438\u043c"}}, {"pk": 2, "model": "directory.transitivity", "fields": {"abbreviation": "\u043d\u0435\u043f\u0435\u0440\u0435\u0445.", "name": "\u043d\u0435\u043f\u0435\u0440\u0435\u0445\u043e\u0434\u043d\u044b\u0439 \u0433\u043b\u0430\u0433\u043e\u043b"}}, {"pk": 1, "model": "directory.transitivity", "fields": {"abbreviation": "\u043f\u0435\u0440\u0435\u0445.", "name": "\u043f\u0435\u0440\u0435\u0445\u043e\u0434\u043d\u044b\u0439 \u0433\u043b\u0430\u0433\u043e\u043b"}}, {"pk": 9, "model": "directory.language", "fields": {"abbreviation": "\u0430\u043a\u043a\u0430\u0434.", "name": "\u0430\u043a\u043a\u0430\u0434\u0441\u043a\u0438\u0439"}}, {"pk": 4, "model": "directory.language", "fields": {"abbreviation": "\u0430\u0440\u0430\u043c.", "name": "\u0430\u0440\u0430\u043c\u0435\u0439\u0441\u043a\u0438\u0439"}}, {"pk": 7, "model": "directory.language", "fields": {"abbreviation": "\u0430\u0440\u043c.", "name": "\u0430\u0440\u043c\u044f\u043d\u0441\u043a\u0438\u0439"}}, {"pk": 1, "model": "directory.language", "fields": {"abbreviation": "\u0433\u0440\u0435\u0447.", "name": "\u0433\u0440\u0435\u0447\u0435\u0441\u043a\u0438\u0439"}}, {"pk": 6, "model": "directory.language", "fields": {"abbreviation": "\u0433\u0440\u0443\u0437.", "name": "\u0433\u0440\u0443\u0437\u0438\u043d\u0441\u043a\u0438\u0439"}}, {"pk": 3, "model": "directory.language", "fields": {"abbreviation": "\u0438\u0432\u0440.", "name": "\u0434\u0440\u0435\u0432\u043d\u0435\u0435\u0432\u0440\u0435\u0439\u0441\u043a\u0438\u0439"}}, {"pk": 8, "model": "directory.language", "fields": {"abbreviation": "\u043a\u043e\u043f\u0442.", "name": "\u043a\u043e\u043f\u0442\u0441\u043a\u0438\u0439"}}, {"pk": 2, "model": "directory.language", "fields": {"abbreviation": "\u043b\u0430\u0442.", "name": "\u043b\u0430\u0442\u0438\u043d\u0441\u043a\u0438\u0439"}}, {"pk": 5, "model": "directory.language", "fields": {"abbreviation": "\u0441\u0438\u0440.", "name": "\u0441\u0438\u0440\u0438\u0439\u0441\u043a\u0438\u0439"}}, {"pk": 1, "model": "directory.entrystatus", "fields": {"status": "\u0441\u043e\u0437\u0434\u0430\u043d\u0430", "order": 0}}, {"pk": 2, "model": "directory.entrystatus", "fields": {"status": "\u0432 \u0440\u0430\u0431\u043e\u0442\u0435", "order": 1}}, {"pk": 3, "model": "directory.entrystatus", "fields": {"status": "\u0437\u0430\u0432\u0435\u0440\u0448\u0435\u043d\u0430", "order": 2}}, {"pk": 4, "model": "directory.entrystatus", "fields": {"status": "\u0443\u0442\u0432\u0435\u0440\u0436\u0434\u0435\u043d\u0430", "order": 3}}]
